2021-09-09T13:57:12.015+09:00,SEONG MIN WOO,IdeState,Active,MathMain,Editor,D:/HomeWork/2/a2-2/src/MathMain.java,,1,0,Default task
2021-09-09T13:57:13.047+09:00,SEONG MIN WOO,IdeState,Active,MathMain,Editor,D:/HomeWork/2/a2-2/src/MathMain.java,,1,0,Default task
2021-09-09T13:57:14.058+09:00,SEONG MIN WOO,IdeState,Active,MathMain,Editor,D:/HomeWork/2/a2-2/src/MathMain.java,,1,0,Default task
2021-09-09T13:57:15.064+09:00,SEONG MIN WOO,IdeState,Active,MathMain,Editor,D:/HomeWork/2/a2-2/src/MathMain.java,,1,0,Default task
2021-09-09T13:57:15.213+09:00,SEONG MIN WOO,Action,EditorBackSpace,MathMain,Editor,D:/HomeWork/2/a2-2/src/MathMain.java,,1,0,Default task
2021-09-09T13:57:15.442+09:00,SEONG MIN WOO,Action,EditorEnter,MathMain,Editor,D:/HomeWork/2/a2-2/src/MathMain.java,,0,23,Default task
2021-09-09T13:57:15.751+09:00,SEONG MIN WOO,Action,EditorTab,MathMain,Editor,D:/HomeWork/2/a2-2/src/MathMain.java,,1,4,Default task
2021-09-09T13:57:16.076+09:00,SEONG MIN WOO,IdeState,Active,MathMain,Editor,D:/HomeWork/2/a2-2/src/MathMain.java,,1,8,Default task
2021-09-09T13:57:16.090+09:00,SEONG MIN WOO,Action,EditorBackSpace,MathMain,Editor,D:/HomeWork/2/a2-2/src/MathMain.java,,1,8,Default task
2021-09-09T13:57:17.091+09:00,SEONG MIN WOO,IdeState,Active,MathMain,Editor,D:/HomeWork/2/a2-2/src/MathMain.java,,1,4,Default task
2021-09-09T13:57:18.101+09:00,SEONG MIN WOO,IdeState,Active,MathMain,Editor,D:/HomeWork/2/a2-2/src/MathMain.java,,1,8,Default task
2021-09-09T13:57:18.624+09:00,SEONG MIN WOO,Action,EditorBackSpace,MathMain,Editor,D:/HomeWork/2/a2-2/src/MathMain.java,,1,11,Default task
2021-09-09T13:57:18.740+09:00,SEONG MIN WOO,Action,EditorBackSpace,MathMain,Editor,D:/HomeWork/2/a2-2/src/MathMain.java,,1,10,Default task
2021-09-09T13:57:19.110+09:00,SEONG MIN WOO,IdeState,Active,MathMain,Editor,D:/HomeWork/2/a2-2/src/MathMain.java,,1,11,Default task
2021-09-09T13:57:20.123+09:00,SEONG MIN WOO,IdeState,Active,MathMain,Editor,D:/HomeWork/2/a2-2/src/MathMain.java,,1,16,Default task
2021-09-09T13:57:21.134+09:00,SEONG MIN WOO,IdeState,Active,MathMain,Editor,D:/HomeWork/2/a2-2/src/MathMain.java,,1,17,Default task
2021-09-09T13:57:21.886+09:00,SEONG MIN WOO,Action,EditorBackSpace,MathMain,Editor,D:/HomeWork/2/a2-2/src/MathMain.java,,1,18,Default task
2021-09-09T13:57:22.146+09:00,SEONG MIN WOO,IdeState,Active,MathMain,Editor,D:/HomeWork/2/a2-2/src/MathMain.java,,1,17,Default task
2021-09-09T13:57:22.208+09:00,SEONG MIN WOO,Action,EditorBackSpace,MathMain,Editor,D:/HomeWork/2/a2-2/src/MathMain.java,,1,17,Default task
2021-09-09T13:57:22.359+09:00,SEONG MIN WOO,Action,EditorBackSpace,MathMain,Editor,D:/HomeWork/2/a2-2/src/MathMain.java,,1,16,Default task
2021-09-09T13:57:22.551+09:00,SEONG MIN WOO,Action,EditorBackSpace,MathMain,Editor,D:/HomeWork/2/a2-2/src/MathMain.java,,1,15,Default task
2021-09-09T13:57:22.696+09:00,SEONG MIN WOO,Action,EditorBackSpace,MathMain,Editor,D:/HomeWork/2/a2-2/src/MathMain.java,,1,14,Default task
2021-09-09T13:57:22.826+09:00,SEONG MIN WOO,Action,EditorBackSpace,MathMain,Editor,D:/HomeWork/2/a2-2/src/MathMain.java,,1,13,Default task
2021-09-09T13:57:22.957+09:00,SEONG MIN WOO,Action,EditorBackSpace,MathMain,Editor,D:/HomeWork/2/a2-2/src/MathMain.java,,1,12,Default task
2021-09-09T13:57:23.147+09:00,SEONG MIN WOO,IdeState,Active,MathMain,Editor,D:/HomeWork/2/a2-2/src/MathMain.java,,1,12,Default task
2021-09-09T13:57:24.160+09:00,SEONG MIN WOO,IdeState,Active,MathMain,Editor,D:/HomeWork/2/a2-2/src/MathMain.java,,1,20,Default task
2021-09-09T13:57:24.696+09:00,SEONG MIN WOO,Action,EditorBackSpace,MathMain,Editor,D:/HomeWork/2/a2-2/src/MathMain.java,,1,21,Default task
2021-09-09T13:57:25.174+09:00,SEONG MIN WOO,IdeState,Active,MathMain,Editor,D:/HomeWork/2/a2-2/src/MathMain.java,,1,23,Default task
2021-09-09T13:57:26.188+09:00,SEONG MIN WOO,IdeState,Active,MathMain,Editor,D:/HomeWork/2/a2-2/src/MathMain.java,,1,27,Default task
2021-09-09T13:57:27.199+09:00,SEONG MIN WOO,IdeState,Active,MathMain,Editor,D:/HomeWork/2/a2-2/src/MathMain.java,,1,27,Default task
2021-09-09T13:57:28.205+09:00,SEONG MIN WOO,IdeState,Active,MathMain,Editor,D:/HomeWork/2/a2-2/src/MathMain.java,MathMain::main,1,28,Default task
2021-09-09T13:57:29.220+09:00,SEONG MIN WOO,IdeState,Active,MathMain,Editor,D:/HomeWork/2/a2-2/src/MathMain.java,MathMain::main,1,34,Default task
2021-09-09T13:57:30.231+09:00,SEONG MIN WOO,IdeState,Active,MathMain,Editor,D:/HomeWork/2/a2-2/src/MathMain.java,MathMain::main,1,37,Default task
2021-09-09T13:57:31.244+09:00,SEONG MIN WOO,IdeState,Active,MathMain,Editor,D:/HomeWork/2/a2-2/src/MathMain.java,MathMain::main,1,41,Default task
2021-09-09T13:57:32.257+09:00,SEONG MIN WOO,IdeState,Active,MathMain,Editor,D:/HomeWork/2/a2-2/src/MathMain.java,,1,43,Default task
2021-09-09T13:57:32.597+09:00,SEONG MIN WOO,Action,EditorEnter,MathMain,Editor,D:/HomeWork/2/a2-2/src/MathMain.java,MathMain::main,1,44,Default task
2021-09-09T13:57:33.264+09:00,SEONG MIN WOO,IdeState,Active,MathMain,Editor,D:/HomeWork/2/a2-2/src/MathMain.java,MathMain::main,2,8,Default task
2021-09-09T13:57:34.264+09:00,SEONG MIN WOO,IdeState,Active,MathMain,Editor,D:/HomeWork/2/a2-2/src/MathMain.java,MathMain::main,2,14,Default task
2021-09-09T13:57:35.276+09:00,SEONG MIN WOO,IdeState,Active,MathMain,Editor,D:/HomeWork/2/a2-2/src/MathMain.java,MathMain::main,2,21,Default task
2021-09-09T13:57:35.757+09:00,SEONG MIN WOO,Action,EditorBackSpace,MathMain,Editor,D:/HomeWork/2/a2-2/src/MathMain.java,MathMain::main,2,22,Default task
2021-09-09T13:57:35.869+09:00,SEONG MIN WOO,Action,EditorBackSpace,MathMain,Editor,D:/HomeWork/2/a2-2/src/MathMain.java,MathMain::main,2,21,Default task
2021-09-09T13:57:36.290+09:00,SEONG MIN WOO,IdeState,Active,MathMain,Editor,D:/HomeWork/2/a2-2/src/MathMain.java,MathMain::main,2,23,Default task
2021-09-09T13:57:36.410+09:00,SEONG MIN WOO,Action,EditorEnter,MathMain,Editor,D:/HomeWork/2/a2-2/src/MathMain.java,MathMain::main,2,23,Default task
2021-09-09T13:57:37.303+09:00,SEONG MIN WOO,IdeState,Active,MathMain,Editor,D:/HomeWork/2/a2-2/src/MathMain.java,MathMain::main,3,8,Default task
2021-09-09T13:57:38.314+09:00,SEONG MIN WOO,IdeState,Active,MathMain,Editor,D:/HomeWork/2/a2-2/src/MathMain.java,MathMain::main,3,14,Default task
2021-09-09T13:57:39.330+09:00,SEONG MIN WOO,IdeState,Active,MathMain,Editor,D:/HomeWork/2/a2-2/src/MathMain.java,MathMain::main,3,20,Default task
2021-09-09T13:57:40.339+09:00,SEONG MIN WOO,IdeState,Active,MathMain,Editor,D:/HomeWork/2/a2-2/src/MathMain.java,MathMain::main,3,24,Default task
2021-09-09T13:57:41.349+09:00,SEONG MIN WOO,IdeState,Active,MathMain,Editor,D:/HomeWork/2/a2-2/src/MathMain.java,MathMain::main,3,30,Default task
2021-09-09T13:57:42.364+09:00,SEONG MIN WOO,IdeState,Active,MathMain,Editor,D:/HomeWork/2/a2-2/src/MathMain.java,MathMain::main,3,36,Default task
2021-09-09T13:57:43.375+09:00,SEONG MIN WOO,IdeState,Active,MathMain,Editor,D:/HomeWork/2/a2-2/src/MathMain.java,MathMain::main,3,37,Default task
2021-09-09T13:57:44.388+09:00,SEONG MIN WOO,IdeState,Active,MathMain,Editor,D:/HomeWork/2/a2-2/src/MathMain.java,MathMain::main,3,41,Default task
2021-09-09T13:57:45.003+09:00,SEONG MIN WOO,Action,EditorBackSpace,MathMain,Editor,D:/HomeWork/2/a2-2/src/MathMain.java,MathMain::main,3,45,Default task
2021-09-09T13:57:45.141+09:00,SEONG MIN WOO,Action,EditorBackSpace,MathMain,Editor,D:/HomeWork/2/a2-2/src/MathMain.java,MathMain::main,3,44,Default task
2021-09-09T13:57:45.399+09:00,SEONG MIN WOO,IdeState,Active,MathMain,Editor,D:/HomeWork/2/a2-2/src/MathMain.java,MathMain::main,3,44,Default task
2021-09-09T13:57:46.406+09:00,SEONG MIN WOO,IdeState,Active,MathMain,Editor,D:/HomeWork/2/a2-2/src/MathMain.java,MathMain::main,3,48,Default task
2021-09-09T13:57:47.208+09:00,SEONG MIN WOO,Action,EditorEnter,MathMain,Editor,D:/HomeWork/2/a2-2/src/MathMain.java,MathMain::main,3,49,Default task
2021-09-09T13:57:47.416+09:00,SEONG MIN WOO,IdeState,Active,MathMain,Editor,D:/HomeWork/2/a2-2/src/MathMain.java,MathMain::main,4,8,Default task
2021-09-09T13:57:48.426+09:00,SEONG MIN WOO,IdeState,Active,MathMain,Editor,D:/HomeWork/2/a2-2/src/MathMain.java,MathMain::main,4,13,Default task
2021-09-09T13:57:49.437+09:00,SEONG MIN WOO,IdeState,Active,MathMain,Editor,D:/HomeWork/2/a2-2/src/MathMain.java,MathMain::main,4,16,Default task
2021-09-09T13:57:50.452+09:00,SEONG MIN WOO,IdeState,Active,MathMain,Editor,D:/HomeWork/2/a2-2/src/MathMain.java,MathMain::main,4,19,Default task
2021-09-09T13:57:51.463+09:00,SEONG MIN WOO,IdeState,Active,MathMain,Editor,D:/HomeWork/2/a2-2/src/MathMain.java,MathMain::main,4,24,Default task
2021-09-09T13:57:52.478+09:00,SEONG MIN WOO,IdeState,Active,MathMain,Editor,D:/HomeWork/2/a2-2/src/MathMain.java,MathMain::main,4,28,Default task
2021-09-09T13:57:53.491+09:00,SEONG MIN WOO,IdeState,Active,MathMain,Editor,D:/HomeWork/2/a2-2/src/MathMain.java,MathMain::main,4,31,Default task
2021-09-09T13:57:54.501+09:00,SEONG MIN WOO,IdeState,Active,MathMain,Editor,D:/HomeWork/2/a2-2/src/MathMain.java,MathMain::main,4,34,Default task
2021-09-09T13:57:54.562+09:00,SEONG MIN WOO,Action,EditorEnter,MathMain,Editor,D:/HomeWork/2/a2-2/src/MathMain.java,MathMain::main,4,34,Default task
2021-09-09T13:57:55.513+09:00,SEONG MIN WOO,IdeState,Active,MathMain,Editor,D:/HomeWork/2/a2-2/src/MathMain.java,MathMain::main,5,8,Default task
2021-09-09T13:57:56.524+09:00,SEONG MIN WOO,IdeState,Active,MathMain,Editor,D:/HomeWork/2/a2-2/src/MathMain.java,MathMain::main,5,12,Default task
2021-09-09T13:57:57.539+09:00,SEONG MIN WOO,IdeState,Active,MathMain,Editor,D:/HomeWork/2/a2-2/src/MathMain.java,MathMain::main,5,17,Default task
2021-09-09T13:57:58.549+09:00,SEONG MIN WOO,IdeState,Active,MathMain,Editor,D:/HomeWork/2/a2-2/src/MathMain.java,MathMain::main,5,22,Default task
2021-09-09T13:57:59.558+09:00,SEONG MIN WOO,IdeState,Active,MathMain,Editor,D:/HomeWork/2/a2-2/src/MathMain.java,MathMain::main,5,26,Default task
2021-09-09T13:58:00.567+09:00,SEONG MIN WOO,IdeState,Active,MathMain,Editor,D:/HomeWork/2/a2-2/src/MathMain.java,MathMain::main,5,30,Default task
2021-09-09T13:58:01.567+09:00,SEONG MIN WOO,IdeState,Active,MathMain,Editor,D:/HomeWork/2/a2-2/src/MathMain.java,MathMain::main,5,32,Default task
2021-09-09T13:58:02.578+09:00,SEONG MIN WOO,IdeState,Active,MathMain,Editor,D:/HomeWork/2/a2-2/src/MathMain.java,MathMain::main,5,32,Default task
2021-09-09T13:58:03.591+09:00,SEONG MIN WOO,IdeState,Active,MathMain,Editor,D:/HomeWork/2/a2-2/src/MathMain.java,MathMain::main,5,32,Default task
2021-09-09T13:58:04.603+09:00,SEONG MIN WOO,IdeState,Active,MathMain,Editor,D:/HomeWork/2/a2-2/src/MathMain.java,MathMain::main,5,32,Default task
2021-09-09T13:58:05.464+09:00,SEONG MIN WOO,Action,EditorEnter,MathMain,Editor,D:/HomeWork/2/a2-2/src/MathMain.java,MathMain::main,5,32,Default task
2021-09-09T13:58:05.614+09:00,SEONG MIN WOO,IdeState,Active,MathMain,Editor,D:/HomeWork/2/a2-2/src/MathMain.java,MathMain::main,6,8,Default task
2021-09-09T13:58:06.505+09:00,SEONG MIN WOO,Action,EditorEnter,MathMain,Editor,D:/HomeWork/2/a2-2/src/MathMain.java,,0,0,Default task
2021-09-09T13:58:06.623+09:00,SEONG MIN WOO,IdeState,Active,MathMain,Editor,D:/HomeWork/2/a2-2/src/MathMain.java,,1,0,Default task
2021-09-09T13:58:07.027+09:00,SEONG MIN WOO,Action,EditorUp,MathMain,Editor,D:/HomeWork/2/a2-2/src/MathMain.java,,1,0,Default task
2021-09-09T13:58:07.636+09:00,SEONG MIN WOO,IdeState,Active,MathMain,Editor,D:/HomeWork/2/a2-2/src/MathMain.java,,0,0,Default task
2021-09-09T13:58:08.652+09:00,SEONG MIN WOO,IdeState,Active,MathMain,Editor,D:/HomeWork/2/a2-2/src/MathMain.java,,0,6,Default task
2021-09-09T13:58:09.663+09:00,SEONG MIN WOO,IdeState,Active,MathMain,Editor,D:/HomeWork/2/a2-2/src/MathMain.java,,0,8,Default task
2021-09-09T13:58:10.674+09:00,SEONG MIN WOO,IdeState,Active,MathMain,Editor,D:/HomeWork/2/a2-2/src/MathMain.java,,0,11,Default task
2021-09-09T13:58:10.807+09:00,SEONG MIN WOO,Action,EditorBackSpace,MathMain,Editor,D:/HomeWork/2/a2-2/src/MathMain.java,,0,11,Default task
2021-09-09T13:58:10.924+09:00,SEONG MIN WOO,Action,EditorBackSpace,MathMain,Editor,D:/HomeWork/2/a2-2/src/MathMain.java,,0,10,Default task
2021-09-09T13:58:11.688+09:00,SEONG MIN WOO,IdeState,Active,MathMain,Editor,D:/HomeWork/2/a2-2/src/MathMain.java,,0,13,Default task
2021-09-09T13:58:12.714+09:00,SEONG MIN WOO,IdeState,Active,MathMain,Editor,D:/HomeWork/2/a2-2/src/MathMain.java,,0,17,Default task
2021-09-09T13:58:13.727+09:00,SEONG MIN WOO,IdeState,Active,MathMain,Editor,D:/HomeWork/2/a2-2/src/MathMain.java,,0,18,Default task
2021-09-09T13:58:14.152+09:00,SEONG MIN WOO,Action,EditorBackSpace,MathMain,Editor,D:/HomeWork/2/a2-2/src/MathMain.java,,0,18,Default task
2021-09-09T13:58:14.729+09:00,SEONG MIN WOO,IdeState,Active,MathMain,Editor,D:/HomeWork/2/a2-2/src/MathMain.java,,0,21,Default task
2021-09-09T13:58:15.730+09:00,SEONG MIN WOO,IdeState,Active,MathMain,Editor,D:/HomeWork/2/a2-2/src/MathMain.java,,0,25,Default task
2021-09-09T13:58:16.743+09:00,SEONG MIN WOO,IdeState,Active,MathMain,Editor,D:/HomeWork/2/a2-2/src/MathMain.java,MathMain::main,6,32,Default task
2021-09-09T13:58:17.757+09:00,SEONG MIN WOO,IdeState,Active,MathMain,Editor,D:/HomeWork/2/a2-2/src/MathMain.java,MathMain::main,7,8,Default task
2021-09-09T13:58:18.772+09:00,SEONG MIN WOO,IdeState,Active,MathMain,Editor,D:/HomeWork/2/a2-2/src/MathMain.java,MathMain::main,7,8,Default task
2021-09-09T13:58:18.960+09:00,SEONG MIN WOO,Action,EditorDown,MathMain,Editor,D:/HomeWork/2/a2-2/src/MathMain.java,MathMain::main,7,8,Default task
2021-09-09T13:58:19.258+09:00,SEONG MIN WOO,Action,EditorEnter,MathMain,Editor,D:/HomeWork/2/a2-2/src/MathMain.java,,8,5,Default task
2021-09-09T13:58:19.398+09:00,SEONG MIN WOO,Action,EditorEnter,MathMain,Editor,D:/HomeWork/2/a2-2/src/MathMain.java,,9,4,Default task
2021-09-09T13:58:19.785+09:00,SEONG MIN WOO,IdeState,Active,MathMain,Editor,D:/HomeWork/2/a2-2/src/MathMain.java,,10,4,Default task
2021-09-09T13:58:20.798+09:00,SEONG MIN WOO,IdeState,Active,MathMain,Editor,D:/HomeWork/2/a2-2/src/MathMain.java,,10,5,Default task
2021-09-09T13:58:21.810+09:00,SEONG MIN WOO,IdeState,Active,MathMain,Editor,D:/HomeWork/2/a2-2/src/MathMain.java,,10,10,Default task
2021-09-09T13:58:22.636+09:00,SEONG MIN WOO,Action,EditorBackSpace,MathMain,Editor,D:/HomeWork/2/a2-2/src/MathMain.java,,10,10,Default task
2021-09-09T13:58:22.763+09:00,SEONG MIN WOO,Action,EditorBackSpace,MathMain,Editor,D:/HomeWork/2/a2-2/src/MathMain.java,,10,9,Default task
2021-09-09T13:58:22.816+09:00,SEONG MIN WOO,IdeState,Active,MathMain,Editor,D:/HomeWork/2/a2-2/src/MathMain.java,,10,8,Default task
2021-09-09T13:58:23.014+09:00,SEONG MIN WOO,Action,EditorBackSpace,MathMain,Editor,D:/HomeWork/2/a2-2/src/MathMain.java,,10,8,Default task
2021-09-09T13:58:23.123+09:00,SEONG MIN WOO,Action,EditorBackSpace,MathMain,Editor,D:/HomeWork/2/a2-2/src/MathMain.java,,10,7,Default task
2021-09-09T13:58:23.270+09:00,SEONG MIN WOO,Action,EditorBackSpace,MathMain,Editor,D:/HomeWork/2/a2-2/src/MathMain.java,,10,6,Default task
2021-09-09T13:58:23.323+09:00,SEONG MIN WOO,Action,EditorBackSpace,MathMain,Editor,D:/HomeWork/2/a2-2/src/MathMain.java,,10,5,Default task
2021-09-09T13:58:23.807+09:00,SEONG MIN WOO,Action,EditorBackSpace,MathMain,Editor,D:/HomeWork/2/a2-2/src/MathMain.java,,10,5,Default task
2021-09-09T13:58:23.830+09:00,SEONG MIN WOO,IdeState,Active,MathMain,Editor,D:/HomeWork/2/a2-2/src/MathMain.java,,10,4,Default task
2021-09-09T13:58:24.840+09:00,SEONG MIN WOO,IdeState,Active,MathMain,Editor,D:/HomeWork/2/a2-2/src/MathMain.java,,10,10,Default task
2021-09-09T13:58:25.848+09:00,SEONG MIN WOO,IdeState,Active,MathMain,Editor,D:/HomeWork/2/a2-2/src/MathMain.java,,10,13,Default task
2021-09-09T13:58:26.745+09:00,SEONG MIN WOO,Action,EditorBackSpace,MathMain,Editor,D:/HomeWork/2/a2-2/src/MathMain.java,,10,18,Default task
2021-09-09T13:58:26.854+09:00,SEONG MIN WOO,Action,EditorBackSpace,MathMain,Editor,D:/HomeWork/2/a2-2/src/MathMain.java,,10,17,Default task
2021-09-09T13:58:26.861+09:00,SEONG MIN WOO,IdeState,Active,MathMain,Editor,D:/HomeWork/2/a2-2/src/MathMain.java,,10,16,Default task
2021-09-09T13:58:27.875+09:00,SEONG MIN WOO,IdeState,Active,MathMain,Editor,D:/HomeWork/2/a2-2/src/MathMain.java,,10,22,Default task
2021-09-09T13:58:28.889+09:00,SEONG MIN WOO,IdeState,Active,MathMain,Editor,D:/HomeWork/2/a2-2/src/MathMain.java,,10,24,Default task
2021-09-09T13:58:29.903+09:00,SEONG MIN WOO,IdeState,Active,MathMain,Editor,D:/HomeWork/2/a2-2/src/MathMain.java,,10,27,Default task
2021-09-09T13:58:30.704+09:00,SEONG MIN WOO,Action,EditorBackSpace,MathMain,Editor,D:/HomeWork/2/a2-2/src/MathMain.java,,10,29,Default task
2021-09-09T13:58:30.914+09:00,SEONG MIN WOO,IdeState,Active,MathMain,Editor,D:/HomeWork/2/a2-2/src/MathMain.java,,10,28,Default task
2021-09-09T13:58:31.926+09:00,SEONG MIN WOO,IdeState,Active,MathMain,Editor,D:/HomeWork/2/a2-2/src/MathMain.java,,10,30,Default task
2021-09-09T13:58:32.937+09:00,SEONG MIN WOO,IdeState,Active,MathMain,Editor,D:/HomeWork/2/a2-2/src/MathMain.java,,10,32,Default task
2021-09-09T13:58:33.947+09:00,SEONG MIN WOO,IdeState,Active,MathMain,Editor,D:/HomeWork/2/a2-2/src/MathMain.java,,10,33,Default task
2021-09-09T13:58:34.957+09:00,SEONG MIN WOO,IdeState,Active,MathMain,Editor,D:/HomeWork/2/a2-2/src/MathMain.java,,10,37,Default task
2021-09-09T13:58:35.965+09:00,SEONG MIN WOO,IdeState,Active,MathMain,Editor,D:/HomeWork/2/a2-2/src/MathMain.java,MathMain::getSumBetween,10,43,Default task
2021-09-09T13:58:36.975+09:00,SEONG MIN WOO,IdeState,Active,MathMain,Editor,D:/HomeWork/2/a2-2/src/MathMain.java,MathMain::getSumBetween,10,45,Default task
2021-09-09T13:58:37.988+09:00,SEONG MIN WOO,IdeState,Active,MathMain,Editor,D:/HomeWork/2/a2-2/src/MathMain.java,MathMain::getSumBetween,10,53,Default task
2021-09-09T13:58:39.002+09:00,SEONG MIN WOO,IdeState,Active,MathMain,Editor,D:/HomeWork/2/a2-2/src/MathMain.java,MathMain::getSumBetween,10,60,Default task
2021-09-09T13:58:40.011+09:00,SEONG MIN WOO,IdeState,Active,MathMain,Editor,D:/HomeWork/2/a2-2/src/MathMain.java,MathMain::getSumBetween,10,65,Default task
2021-09-09T13:58:41.025+09:00,SEONG MIN WOO,IdeState,Active,MathMain,Editor,D:/HomeWork/2/a2-2/src/MathMain.java,MathMain::getSumBetween,10,68,Default task
2021-09-09T13:58:41.035+09:00,SEONG MIN WOO,Action,EditorRight,MathMain,Editor,D:/HomeWork/2/a2-2/src/MathMain.java,MathMain::getSumBetween,10,68,Default task
2021-09-09T13:58:41.897+09:00,SEONG MIN WOO,Action,EditorEnter,MathMain,Editor,D:/HomeWork/2/a2-2/src/MathMain.java,,10,71,Default task
2021-09-09T13:58:42.034+09:00,SEONG MIN WOO,IdeState,Active,MathMain,Editor,D:/HomeWork/2/a2-2/src/MathMain.java,,11,8,Default task
2021-09-09T13:58:42.940+09:00,SEONG MIN WOO,Action,EditorBackSpace,MathMain,Editor,D:/HomeWork/2/a2-2/src/MathMain.java,,11,8,Default task
2021-09-09T13:58:43.043+09:00,SEONG MIN WOO,IdeState,Active,MathMain,Editor,D:/HomeWork/2/a2-2/src/MathMain.java,,10,71,Default task
2021-09-09T13:58:43.089+09:00,SEONG MIN WOO,Action,EditorBackSpace,MathMain,Editor,D:/HomeWork/2/a2-2/src/MathMain.java,,10,71,Default task
2021-09-09T13:58:44.051+09:00,SEONG MIN WOO,IdeState,Active,MathMain,Editor,D:/HomeWork/2/a2-2/src/MathMain.java,MathMain::getSumBetween,10,71,Default task
2021-09-09T13:58:44.083+09:00,SEONG MIN WOO,Action,EditorEnter,MathMain,Editor,D:/HomeWork/2/a2-2/src/MathMain.java,MathMain::getSumBetween,10,71,Default task
2021-09-09T13:58:45.061+09:00,SEONG MIN WOO,IdeState,Active,MathMain,Editor,D:/HomeWork/2/a2-2/src/MathMain.java,MathMain::getSumBetween,11,8,Default task
2021-09-09T13:58:46.071+09:00,SEONG MIN WOO,IdeState,Active,MathMain,Editor,D:/HomeWork/2/a2-2/src/MathMain.java,MathMain::getSumBetween,11,13,Default task
2021-09-09T13:58:47.080+09:00,SEONG MIN WOO,IdeState,Active,MathMain,Editor,D:/HomeWork/2/a2-2/src/MathMain.java,MathMain::getSumBetween,11,19,Default task
2021-09-09T13:58:47.614+09:00,SEONG MIN WOO,Action,EditorEnter,MathMain,Editor,D:/HomeWork/2/a2-2/src/MathMain.java,MathMain::getSumBetween,11,20,Default task
2021-09-09T13:58:48.094+09:00,SEONG MIN WOO,IdeState,Active,MathMain,Editor,D:/HomeWork/2/a2-2/src/MathMain.java,MathMain::getSumBetween,12,8,Default task
2021-09-09T13:58:49.103+09:00,SEONG MIN WOO,IdeState,Active,MathMain,Editor,D:/HomeWork/2/a2-2/src/MathMain.java,MathMain::getSumBetween,12,12,Default task
2021-09-09T13:58:50.116+09:00,SEONG MIN WOO,IdeState,Active,MathMain,Editor,D:/HomeWork/2/a2-2/src/MathMain.java,MathMain::getSumBetween,12,17,Default task
2021-09-09T13:58:51.056+09:00,SEONG MIN WOO,Action,EditorBackSpace,MathMain,Editor,D:/HomeWork/2/a2-2/src/MathMain.java,MathMain::getSumBetween,12,19,Default task
2021-09-09T13:58:51.128+09:00,SEONG MIN WOO,IdeState,Active,MathMain,Editor,D:/HomeWork/2/a2-2/src/MathMain.java,MathMain::getSumBetween,12,18,Default task
2021-09-09T13:58:51.183+09:00,SEONG MIN WOO,Action,EditorBackSpace,MathMain,Editor,D:/HomeWork/2/a2-2/src/MathMain.java,MathMain::getSumBetween,12,18,Default task
2021-09-09T13:58:52.142+09:00,SEONG MIN WOO,IdeState,Active,MathMain,Editor,D:/HomeWork/2/a2-2/src/MathMain.java,MathMain::getSumBetween,12,19,Default task
2021-09-09T13:58:53.153+09:00,SEONG MIN WOO,IdeState,Active,MathMain,Editor,D:/HomeWork/2/a2-2/src/MathMain.java,MathMain::getSumBetween,12,24,Default task
2021-09-09T13:58:54.158+09:00,SEONG MIN WOO,IdeState,Active,MathMain,Editor,D:/HomeWork/2/a2-2/src/MathMain.java,MathMain::getSumBetween,12,27,Default task
2021-09-09T13:58:55.161+09:00,SEONG MIN WOO,IdeState,Active,MathMain,Editor,D:/HomeWork/2/a2-2/src/MathMain.java,MathMain::getSumBetween,12,28,Default task
2021-09-09T13:58:56.175+09:00,SEONG MIN WOO,IdeState,Active,MathMain,Editor,D:/HomeWork/2/a2-2/src/MathMain.java,MathMain::getSumBetween,12,28,Default task
2021-09-09T13:58:57.183+09:00,SEONG MIN WOO,IdeState,Active,MathMain,Editor,D:/HomeWork/2/a2-2/src/MathMain.java,MathMain::getSumBetween,12,32,Default task
2021-09-09T13:58:58.193+09:00,SEONG MIN WOO,IdeState,Active,MathMain,Editor,D:/HomeWork/2/a2-2/src/MathMain.java,MathMain::getSumBetween,12,35,Default task
2021-09-09T13:58:59.206+09:00,SEONG MIN WOO,IdeState,Active,MathMain,Editor,D:/HomeWork/2/a2-2/src/MathMain.java,MathMain::getSumBetween,12,37,Default task
2021-09-09T13:58:59.528+09:00,SEONG MIN WOO,Action,EditorRight,MathMain,Editor,D:/HomeWork/2/a2-2/src/MathMain.java,MathMain::getSumBetween,12,37,Default task
2021-09-09T13:59:00.213+09:00,SEONG MIN WOO,IdeState,Active,MathMain,Editor,D:/HomeWork/2/a2-2/src/MathMain.java,MathMain::getSumBetween,12,38,Default task
2021-09-09T13:59:00.711+09:00,SEONG MIN WOO,Action,EditorEnter,MathMain,Editor,D:/HomeWork/2/a2-2/src/MathMain.java,MathMain::getSumBetween,12,40,Default task
2021-09-09T13:59:01.224+09:00,SEONG MIN WOO,IdeState,Active,MathMain,Editor,D:/HomeWork/2/a2-2/src/MathMain.java,MathMain::getSumBetween,13,12,Default task
2021-09-09T13:59:02.236+09:00,SEONG MIN WOO,IdeState,Active,MathMain,Editor,D:/HomeWork/2/a2-2/src/MathMain.java,MathMain::getSumBetween,13,13,Default task
2021-09-09T13:59:03.247+09:00,SEONG MIN WOO,IdeState,Active,MathMain,Editor,D:/HomeWork/2/a2-2/src/MathMain.java,MathMain::getSumBetween,13,19,Default task
2021-09-09T13:59:04.262+09:00,SEONG MIN WOO,IdeState,Active,MathMain,Editor,D:/HomeWork/2/a2-2/src/MathMain.java,MathMain::getSumBetween,13,23,Default task
2021-09-09T13:59:05.263+09:00,SEONG MIN WOO,IdeState,Active,MathMain,Editor,D:/HomeWork/2/a2-2/src/MathMain.java,MathMain::getSumBetween,13,26,Default task
2021-09-09T13:59:05.433+09:00,SEONG MIN WOO,Action,EditorBackSpace,MathMain,Editor,D:/HomeWork/2/a2-2/src/MathMain.java,MathMain::getSumBetween,13,26,Default task
2021-09-09T13:59:06.276+09:00,SEONG MIN WOO,IdeState,Active,MathMain,Editor,D:/HomeWork/2/a2-2/src/MathMain.java,MathMain::getSumBetween,13,26,Default task
2021-09-09T13:59:06.728+09:00,SEONG MIN WOO,Action,EditorBackSpace,MathMain,Editor,D:/HomeWork/2/a2-2/src/MathMain.java,MathMain::getSumBetween,13,26,Default task
2021-09-09T13:59:07.287+09:00,SEONG MIN WOO,IdeState,Active,MathMain,Editor,D:/HomeWork/2/a2-2/src/MathMain.java,MathMain::getSumBetween,13,26,Default task
2021-09-09T13:59:07.396+09:00,SEONG MIN WOO,Action,EditorDown,MathMain,Editor,D:/HomeWork/2/a2-2/src/MathMain.java,MathMain::getSumBetween,13,26,Default task
2021-09-09T13:59:07.674+09:00,SEONG MIN WOO,Action,EditorEnter,MathMain,Editor,D:/HomeWork/2/a2-2/src/MathMain.java,MathMain::getSumBetween,14,9,Default task
2021-09-09T13:59:08.302+09:00,SEONG MIN WOO,IdeState,Active,MathMain,Editor,D:/HomeWork/2/a2-2/src/MathMain.java,MathMain::getSumBetween,15,10,Default task
2021-09-09T13:59:08.732+09:00,SEONG MIN WOO,Action,EditorBackSpace,MathMain,Editor,D:/HomeWork/2/a2-2/src/MathMain.java,MathMain::getSumBetween,15,10,Default task
2021-09-09T13:59:08.920+09:00,SEONG MIN WOO,Action,EditorBackSpace,MathMain,Editor,D:/HomeWork/2/a2-2/src/MathMain.java,MathMain::getSumBetween,15,9,Default task
2021-09-09T13:59:09.312+09:00,SEONG MIN WOO,IdeState,Active,MathMain,Editor,D:/HomeWork/2/a2-2/src/MathMain.java,MathMain::getSumBetween,15,8,Default task
2021-09-09T13:59:09.316+09:00,SEONG MIN WOO,Action,EditorUp,MathMain,Editor,D:/HomeWork/2/a2-2/src/MathMain.java,MathMain::getSumBetween,15,8,Default task
2021-09-09T13:59:09.538+09:00,SEONG MIN WOO,Action,EditorUp,MathMain,Editor,D:/HomeWork/2/a2-2/src/MathMain.java,MathMain::getSumBetween,14,8,Default task
2021-09-09T13:59:09.868+09:00,SEONG MIN WOO,Action,EditorRight,MathMain,Editor,D:/HomeWork/2/a2-2/src/MathMain.java,MathMain::getSumBetween,13,8,Default task
2021-09-09T13:59:10.125+09:00,SEONG MIN WOO,Action,EditorRight,MathMain,Editor,D:/HomeWork/2/a2-2/src/MathMain.java,MathMain::getSumBetween,13,9,Default task
2021-09-09T13:59:10.156+09:00,SEONG MIN WOO,Action,EditorRight,MathMain,Editor,D:/HomeWork/2/a2-2/src/MathMain.java,MathMain::getSumBetween,13,10,Default task
2021-09-09T13:59:10.188+09:00,SEONG MIN WOO,Action,EditorRight,MathMain,Editor,D:/HomeWork/2/a2-2/src/MathMain.java,MathMain::getSumBetween,13,11,Default task
2021-09-09T13:59:10.218+09:00,SEONG MIN WOO,Action,EditorRight,MathMain,Editor,D:/HomeWork/2/a2-2/src/MathMain.java,MathMain::getSumBetween,13,12,Default task
2021-09-09T13:59:10.264+09:00,SEONG MIN WOO,Action,EditorRight,MathMain,Editor,D:/HomeWork/2/a2-2/src/MathMain.java,MathMain::getSumBetween,13,13,Default task
2021-09-09T13:59:10.295+09:00,SEONG MIN WOO,Action,EditorRight,MathMain,Editor,D:/HomeWork/2/a2-2/src/MathMain.java,MathMain::getSumBetween,13,14,Default task
2021-09-09T13:59:10.325+09:00,SEONG MIN WOO,IdeState,Active,MathMain,Editor,D:/HomeWork/2/a2-2/src/MathMain.java,MathMain::getSumBetween,13,15,Default task
2021-09-09T13:59:10.326+09:00,SEONG MIN WOO,Action,EditorRight,MathMain,Editor,D:/HomeWork/2/a2-2/src/MathMain.java,MathMain::getSumBetween,13,15,Default task
2021-09-09T13:59:10.357+09:00,SEONG MIN WOO,Action,EditorRight,MathMain,Editor,D:/HomeWork/2/a2-2/src/MathMain.java,MathMain::getSumBetween,13,16,Default task
2021-09-09T13:59:10.755+09:00,SEONG MIN WOO,Action,EditorUp,MathMain,Editor,D:/HomeWork/2/a2-2/src/MathMain.java,MathMain::getSumBetween,13,17,Default task
2021-09-09T13:59:11.298+09:00,SEONG MIN WOO,Action,EditorRight,MathMain,Editor,D:/HomeWork/2/a2-2/src/MathMain.java,MathMain::getSumBetween,12,17,Default task
2021-09-09T13:59:11.337+09:00,SEONG MIN WOO,IdeState,Active,MathMain,Editor,D:/HomeWork/2/a2-2/src/MathMain.java,MathMain::getSumBetween,12,18,Default task
2021-09-09T13:59:12.350+09:00,SEONG MIN WOO,IdeState,Active,MathMain,Editor,D:/HomeWork/2/a2-2/src/MathMain.java,MathMain::getSumBetween,12,18,Default task
2021-09-09T13:59:13.357+09:00,SEONG MIN WOO,IdeState,Active,MathMain,Editor,D:/HomeWork/2/a2-2/src/MathMain.java,MathMain::getSumBetween,12,18,Default task
2021-09-09T13:59:14.371+09:00,SEONG MIN WOO,IdeState,Active,MathMain,Editor,D:/HomeWork/2/a2-2/src/MathMain.java,MathMain::getSumBetween,12,18,Default task
2021-09-09T13:59:14.955+09:00,SEONG MIN WOO,Action,EditorRight,MathMain,Editor,D:/HomeWork/2/a2-2/src/MathMain.java,MathMain::getSumBetween,12,18,Default task
2021-09-09T13:59:15.210+09:00,SEONG MIN WOO,Action,EditorRight,MathMain,Editor,D:/HomeWork/2/a2-2/src/MathMain.java,MathMain::getSumBetween,12,19,Default task
2021-09-09T13:59:15.242+09:00,SEONG MIN WOO,Action,EditorRight,MathMain,Editor,D:/HomeWork/2/a2-2/src/MathMain.java,MathMain::getSumBetween,12,20,Default task
2021-09-09T13:59:15.325+09:00,SEONG MIN WOO,Action,EditorRight,MathMain,Editor,D:/HomeWork/2/a2-2/src/MathMain.java,MathMain::getSumBetween,12,21,Default task
2021-09-09T13:59:15.377+09:00,SEONG MIN WOO,IdeState,Active,MathMain,Editor,D:/HomeWork/2/a2-2/src/MathMain.java,MathMain::getSumBetween,12,22,Default task
2021-09-09T13:59:15.480+09:00,SEONG MIN WOO,Action,EditorRight,MathMain,Editor,D:/HomeWork/2/a2-2/src/MathMain.java,MathMain::getSumBetween,12,22,Default task
2021-09-09T13:59:15.635+09:00,SEONG MIN WOO,Action,EditorRight,MathMain,Editor,D:/HomeWork/2/a2-2/src/MathMain.java,MathMain::getSumBetween,12,23,Default task
2021-09-09T13:59:15.960+09:00,SEONG MIN WOO,Action,EditorRight,MathMain,Editor,D:/HomeWork/2/a2-2/src/MathMain.java,MathMain::getSumBetween,12,24,Default task
2021-09-09T13:59:16.393+09:00,SEONG MIN WOO,IdeState,Active,MathMain,Editor,D:/HomeWork/2/a2-2/src/MathMain.java,MathMain::getSumBetween,12,25,Default task
2021-09-09T13:59:17.097+09:00,SEONG MIN WOO,Action,EditorBackSpace,MathMain,Editor,D:/HomeWork/2/a2-2/src/MathMain.java,MathMain::getSumBetween,12,25,Default task
2021-09-09T13:59:17.404+09:00,SEONG MIN WOO,IdeState,Active,MathMain,Editor,D:/HomeWork/2/a2-2/src/MathMain.java,MathMain::getSumBetween,12,25,Default task
2021-09-09T13:59:17.587+09:00,SEONG MIN WOO,Action,EditorDown,MathMain,Editor,D:/HomeWork/2/a2-2/src/MathMain.java,MathMain::getSumBetween,12,25,Default task
2021-09-09T13:59:18.155+09:00,SEONG MIN WOO,Action,EditorDown,MathMain,Editor,D:/HomeWork/2/a2-2/src/MathMain.java,MathMain::getSumBetween,13,25,Default task
2021-09-09T13:59:18.413+09:00,SEONG MIN WOO,IdeState,Active,MathMain,Editor,D:/HomeWork/2/a2-2/src/MathMain.java,MathMain::getSumBetween,14,9,Default task
2021-09-09T13:59:18.986+09:00,SEONG MIN WOO,Action,EditorUp,MathMain,Editor,D:/HomeWork/2/a2-2/src/MathMain.java,MathMain::getSumBetween,14,9,Default task
2021-09-09T13:59:19.193+09:00,SEONG MIN WOO,Action,EditorRight,MathMain,Editor,D:/HomeWork/2/a2-2/src/MathMain.java,MathMain::getSumBetween,13,25,Default task
2021-09-09T13:59:19.424+09:00,SEONG MIN WOO,IdeState,Active,MathMain,Editor,D:/HomeWork/2/a2-2/src/MathMain.java,MathMain::getSumBetween,13,26,Default task
2021-09-09T13:59:19.766+09:00,SEONG MIN WOO,Action,EditorDown,MathMain,Editor,D:/HomeWork/2/a2-2/src/MathMain.java,MathMain::getSumBetween,13,26,Default task
2021-09-09T13:59:20.079+09:00,SEONG MIN WOO,Action,EditorEnter,MathMain,Editor,D:/HomeWork/2/a2-2/src/MathMain.java,MathMain::getSumBetween,14,9,Default task
2021-09-09T13:59:20.436+09:00,SEONG MIN WOO,IdeState,Active,MathMain,Editor,D:/HomeWork/2/a2-2/src/MathMain.java,MathMain::getSumBetween,15,8,Default task
2021-09-09T13:59:21.444+09:00,SEONG MIN WOO,IdeState,Active,MathMain,Editor,D:/HomeWork/2/a2-2/src/MathMain.java,MathMain::getSumBetween,15,14,Default task
2021-09-09T13:59:22.452+09:00,SEONG MIN WOO,IdeState,Active,MathMain,Editor,D:/HomeWork/2/a2-2/src/MathMain.java,MathMain::getSumBetween,15,17,Default task
2021-09-09T13:59:23.467+09:00,SEONG MIN WOO,IdeState,Active,MathMain,Editor,D:/HomeWork/2/a2-2/src/MathMain.java,MathMain::getSumBetween,15,19,Default task
2021-09-09T13:59:24.481+09:00,SEONG MIN WOO,IdeState,Active,MathMain,Editor,D:/HomeWork/2/a2-2/src/MathMain.java,MathMain::getSumBetween,14,9,Default task
2021-09-09T13:59:25.230+09:00,SEONG MIN WOO,Action,EditorCopy,MathMain,Editor,D:/HomeWork/2/a2-2/src/MathMain.java,,10,0,Default task
2021-09-09T13:59:25.496+09:00,SEONG MIN WOO,IdeState,Active,MathMain,Editor,D:/HomeWork/2/a2-2/src/MathMain.java,,10,0,Default task
2021-09-09T13:59:26.507+09:00,SEONG MIN WOO,IdeState,Active,MathMain,Editor,D:/HomeWork/2/a2-2/src/MathMain.java,MathMain::getSumBetween,15,19,Default task
2021-09-09T13:59:27.518+09:00,SEONG MIN WOO,IdeState,Active,MathMain,Editor,D:/HomeWork/2/a2-2/src/MathMain.java,,16,5,Default task
2021-09-09T13:59:28.532+09:00,SEONG MIN WOO,IdeState,Active,MathMain,Editor,D:/HomeWork/2/a2-2/src/MathMain.java,,16,5,Default task
2021-09-09T13:59:29.544+09:00,SEONG MIN WOO,IdeState,Active,MathMain,Editor,D:/HomeWork/2/a2-2/src/MathMain.java,,16,5,Default task
2021-09-09T13:59:30.556+09:00,SEONG MIN WOO,IdeState,Active,MathMain,Editor,D:/HomeWork/2/a2-2/src/MathMain.java,,10,0,Default task
2021-09-09T13:59:30.904+09:00,SEONG MIN WOO,Action,EditorCopy,MathMain,Editor,D:/HomeWork/2/a2-2/src/MathMain.java,,10,0,Default task
2021-09-09T13:59:31.565+09:00,SEONG MIN WOO,IdeState,Active,MathMain,Editor,D:/HomeWork/2/a2-2/src/MathMain.java,,17,7,Default task
2021-09-09T13:59:32.568+09:00,SEONG MIN WOO,IdeState,Active,MathMain,Editor,D:/HomeWork/2/a2-2/src/MathMain.java,,17,7,Default task
2021-09-09T13:59:32.718+09:00,SEONG MIN WOO,Action,EditorEnter,MathMain,Editor,D:/HomeWork/2/a2-2/src/MathMain.java,,17,7,Default task
2021-09-09T13:59:33.578+09:00,SEONG MIN WOO,IdeState,Active,MathMain,Editor,D:/HomeWork/2/a2-2/src/MathMain.java,,18,4,Default task
2021-09-09T13:59:33.613+09:00,SEONG MIN WOO,Action,EditorPaste,MathMain,Editor,D:/HomeWork/2/a2-2/src/MathMain.java,,18,4,Default task
2021-09-09T13:59:34.588+09:00,SEONG MIN WOO,IdeState,Active,MathMain,Editor,D:/HomeWork/2/a2-2/src/MathMain.java,,24,5,Default task
2021-09-09T13:59:35.604+09:00,SEONG MIN WOO,IdeState,Active,MathMain,Editor,D:/HomeWork/2/a2-2/src/MathMain.java,,24,5,Default task
2021-09-09T13:59:36.615+09:00,SEONG MIN WOO,IdeState,Active,MathMain,Editor,D:/HomeWork/2/a2-2/src/MathMain.java,MathMain::getSumBetween,23,7,Default task
2021-09-09T13:59:37.625+09:00,SEONG MIN WOO,IdeState,Active,MathMain,Editor,D:/HomeWork/2/a2-2/src/MathMain.java,MathMain::getSumBetween,23,7,Default task
2021-09-09T13:59:38.511+09:00,SEONG MIN WOO,Action,EditorBackSpace,MathMain,Editor,D:/HomeWork/2/a2-2/src/MathMain.java,MathMain::getSumBetween,18,30,Default task
2021-09-09T13:59:38.640+09:00,SEONG MIN WOO,IdeState,Active,MathMain,Editor,D:/HomeWork/2/a2-2/src/MathMain.java,MathMain::getSuBetween,18,29,Default task
2021-09-09T13:59:38.666+09:00,SEONG MIN WOO,Action,EditorBackSpace,MathMain,Editor,D:/HomeWork/2/a2-2/src/MathMain.java,MathMain::getSuBetween,18,29,Default task
2021-09-09T13:59:38.794+09:00,SEONG MIN WOO,Action,EditorBackSpace,MathMain,Editor,D:/HomeWork/2/a2-2/src/MathMain.java,MathMain::getSBetween,18,28,Default task
2021-09-09T13:59:39.655+09:00,SEONG MIN WOO,IdeState,Active,MathMain,Editor,D:/HomeWork/2/a2-2/src/MathMain.java,MathMain::getPBetween,18,28,Default task
2021-09-09T13:59:40.668+09:00,SEONG MIN WOO,IdeState,Active,MathMain,Editor,D:/HomeWork/2/a2-2/src/MathMain.java,MathMain::getProductBetween,18,34,Default task
2021-09-09T13:59:41.019+09:00,SEONG MIN WOO,Action,EditorDown,MathMain,Editor,D:/HomeWork/2/a2-2/src/MathMain.java,MathMain::getProductBetween,18,34,Default task
2021-09-09T13:59:41.248+09:00,SEONG MIN WOO,Action,EditorLeft,MathMain,Editor,D:/HomeWork/2/a2-2/src/MathMain.java,MathMain::getProductBetween,19,20,Default task
2021-09-09T13:59:41.637+09:00,SEONG MIN WOO,Action,EditorLeft,MathMain,Editor,D:/HomeWork/2/a2-2/src/MathMain.java,MathMain::getProductBetween,19,19,Default task
2021-09-09T13:59:41.673+09:00,SEONG MIN WOO,IdeState,Active,MathMain,Editor,D:/HomeWork/2/a2-2/src/MathMain.java,MathMain::getProductBetween,19,18,Default task
2021-09-09T13:59:41.776+09:00,SEONG MIN WOO,Action,EditorLeft,MathMain,Editor,D:/HomeWork/2/a2-2/src/MathMain.java,MathMain::getProductBetween,19,18,Default task
2021-09-09T13:59:41.929+09:00,SEONG MIN WOO,Action,EditorLeft,MathMain,Editor,D:/HomeWork/2/a2-2/src/MathMain.java,MathMain::getProductBetween,19,17,Default task
2021-09-09T13:59:42.093+09:00,SEONG MIN WOO,Action,EditorLeft,MathMain,Editor,D:/HomeWork/2/a2-2/src/MathMain.java,MathMain::getProductBetween,19,16,Default task
2021-09-09T13:59:42.446+09:00,SEONG MIN WOO,Action,EditorBackSpace,MathMain,Editor,D:/HomeWork/2/a2-2/src/MathMain.java,MathMain::getProductBetween,19,15,Default task
2021-09-09T13:59:42.575+09:00,SEONG MIN WOO,Action,EditorBackSpace,MathMain,Editor,D:/HomeWork/2/a2-2/src/MathMain.java,MathMain::getProductBetween,19,14,Default task
2021-09-09T13:59:42.686+09:00,SEONG MIN WOO,IdeState,Active,MathMain,Editor,D:/HomeWork/2/a2-2/src/MathMain.java,MathMain::getProductBetween,19,13,Default task
2021-09-09T13:59:42.849+09:00,SEONG MIN WOO,Action,EditorBackSpace,MathMain,Editor,D:/HomeWork/2/a2-2/src/MathMain.java,MathMain::getProductBetween,19,13,Default task
2021-09-09T13:59:43.690+09:00,SEONG MIN WOO,IdeState,Active,MathMain,Editor,D:/HomeWork/2/a2-2/src/MathMain.java,MathMain::getProductBetween,19,16,Default task
2021-09-09T13:59:44.108+09:00,SEONG MIN WOO,Action,EditorBackSpace,MathMain,Editor,D:/HomeWork/2/a2-2/src/MathMain.java,MathMain::getProductBetween,19,17,Default task
2021-09-09T13:59:44.703+09:00,SEONG MIN WOO,IdeState,Active,MathMain,Editor,D:/HomeWork/2/a2-2/src/MathMain.java,MathMain::getProductBetween,19,19,Default task
2021-09-09T13:59:45.055+09:00,SEONG MIN WOO,Action,EditorDown,MathMain,Editor,D:/HomeWork/2/a2-2/src/MathMain.java,MathMain::getProductBetween,19,19,Default task
2021-09-09T13:59:45.717+09:00,SEONG MIN WOO,IdeState,Active,MathMain,Editor,D:/HomeWork/2/a2-2/src/MathMain.java,MathMain::getProductBetween,20,19,Default task
2021-09-09T13:59:45.723+09:00,SEONG MIN WOO,Action,EditorDown,MathMain,Editor,D:/HomeWork/2/a2-2/src/MathMain.java,MathMain::getProductBetween,20,19,Default task
2021-09-09T13:59:46.108+09:00,SEONG MIN WOO,Action,EditorLeft,MathMain,Editor,D:/HomeWork/2/a2-2/src/MathMain.java,MathMain::getProductBetween,21,19,Default task
2021-09-09T13:59:46.260+09:00,SEONG MIN WOO,Action,EditorLeft,MathMain,Editor,D:/HomeWork/2/a2-2/src/MathMain.java,MathMain::getProductBetween,21,18,Default task
2021-09-09T13:59:46.412+09:00,SEONG MIN WOO,Action,EditorLeft,MathMain,Editor,D:/HomeWork/2/a2-2/src/MathMain.java,MathMain::getProductBetween,21,17,Default task
2021-09-09T13:59:46.548+09:00,SEONG MIN WOO,Action,EditorLeft,MathMain,Editor,D:/HomeWork/2/a2-2/src/MathMain.java,MathMain::getProductBetween,21,16,Default task
2021-09-09T13:59:46.724+09:00,SEONG MIN WOO,IdeState,Active,MathMain,Editor,D:/HomeWork/2/a2-2/src/MathMain.java,MathMain::getProductBetween,21,15,Default task
2021-09-09T13:59:47.032+09:00,SEONG MIN WOO,Action,EditorBackSpace,MathMain,Editor,D:/HomeWork/2/a2-2/src/MathMain.java,MathMain::getProductBetween,21,15,Default task
2021-09-09T13:59:47.157+09:00,SEONG MIN WOO,Action,EditorBackSpace,MathMain,Editor,D:/HomeWork/2/a2-2/src/MathMain.java,MathMain::getProductBetween,21,14,Default task
2021-09-09T13:59:47.401+09:00,SEONG MIN WOO,Action,EditorBackSpace,MathMain,Editor,D:/HomeWork/2/a2-2/src/MathMain.java,MathMain::getProductBetween,21,13,Default task
2021-09-09T13:59:47.739+09:00,SEONG MIN WOO,IdeState,Active,MathMain,Editor,D:/HomeWork/2/a2-2/src/MathMain.java,MathMain::getProductBetween,21,12,Default task
2021-09-09T13:59:48.753+09:00,SEONG MIN WOO,IdeState,Active,MathMain,Editor,D:/HomeWork/2/a2-2/src/MathMain.java,MathMain::getProductBetween,21,16,Default task
2021-09-09T13:59:49.519+09:00,SEONG MIN WOO,Action,EditorBackSpace,MathMain,Editor,D:/HomeWork/2/a2-2/src/MathMain.java,MathMain::getProductBetween,21,16,Default task
2021-09-09T13:59:49.766+09:00,SEONG MIN WOO,IdeState,Active,MathMain,Editor,D:/HomeWork/2/a2-2/src/MathMain.java,MathMain::getProductBetween,21,16,Default task
2021-09-09T13:59:50.778+09:00,SEONG MIN WOO,IdeState,Active,MathMain,Editor,D:/HomeWork/2/a2-2/src/MathMain.java,MathMain::getProductBetween,21,19,Default task
2021-09-09T13:59:50.837+09:00,SEONG MIN WOO,Action,EditorRight,MathMain,Editor,D:/HomeWork/2/a2-2/src/MathMain.java,MathMain::getProductBetween,21,19,Default task
2021-09-09T13:59:51.038+09:00,SEONG MIN WOO,Action,EditorRight,MathMain,Editor,D:/HomeWork/2/a2-2/src/MathMain.java,MathMain::getProductBetween,21,20,Default task
2021-09-09T13:59:51.294+09:00,SEONG MIN WOO,Action,EditorRight,MathMain,Editor,D:/HomeWork/2/a2-2/src/MathMain.java,MathMain::getProductBetween,21,21,Default task
2021-09-09T13:59:51.412+09:00,SEONG MIN WOO,Action,EditorRight,MathMain,Editor,D:/HomeWork/2/a2-2/src/MathMain.java,MathMain::getProductBetween,21,22,Default task
2021-09-09T13:59:51.561+09:00,SEONG MIN WOO,Action,EditorRight,MathMain,Editor,D:/HomeWork/2/a2-2/src/MathMain.java,MathMain::getProductBetween,21,23,Default task
2021-09-09T13:59:51.714+09:00,SEONG MIN WOO,Action,EditorRight,MathMain,Editor,D:/HomeWork/2/a2-2/src/MathMain.java,MathMain::getProductBetween,21,24,Default task
2021-09-09T13:59:51.792+09:00,SEONG MIN WOO,IdeState,Active,MathMain,Editor,D:/HomeWork/2/a2-2/src/MathMain.java,MathMain::getProductBetween,21,25,Default task
2021-09-09T13:59:52.068+09:00,SEONG MIN WOO,Action,EditorBackSpace,MathMain,Editor,D:/HomeWork/2/a2-2/src/MathMain.java,MathMain::getProductBetween,21,25,Default task
2021-09-09T13:59:52.212+09:00,SEONG MIN WOO,Action,EditorBackSpace,MathMain,Editor,D:/HomeWork/2/a2-2/src/MathMain.java,MathMain::getProductBetween,21,24,Default task
2021-09-09T13:59:52.372+09:00,SEONG MIN WOO,Action,EditorBackSpace,MathMain,Editor,D:/HomeWork/2/a2-2/src/MathMain.java,MathMain::getProductBetween,21,23,Default task
2021-09-09T13:59:52.804+09:00,SEONG MIN WOO,IdeState,Active,MathMain,Editor,D:/HomeWork/2/a2-2/src/MathMain.java,MathMain::getProductBetween,21,22,Default task
2021-09-09T13:59:53.815+09:00,SEONG MIN WOO,IdeState,Active,MathMain,Editor,D:/HomeWork/2/a2-2/src/MathMain.java,MathMain::getProductBetween,21,25,Default task
2021-09-09T13:59:54.556+09:00,SEONG MIN WOO,Action,EditorRight,MathMain,Editor,D:/HomeWork/2/a2-2/src/MathMain.java,MathMain::getProductBetween,21,29,Default task
2021-09-09T13:59:54.815+09:00,SEONG MIN WOO,Action,EditorRight,MathMain,Editor,D:/HomeWork/2/a2-2/src/MathMain.java,MathMain::getProductBetween,21,30,Default task
2021-09-09T13:59:54.827+09:00,SEONG MIN WOO,IdeState,Active,MathMain,Editor,D:/HomeWork/2/a2-2/src/MathMain.java,MathMain::getProductBetween,21,31,Default task
2021-09-09T13:59:54.847+09:00,SEONG MIN WOO,Action,EditorRight,MathMain,Editor,D:/HomeWork/2/a2-2/src/MathMain.java,MathMain::getProductBetween,21,31,Default task
2021-09-09T13:59:55.258+09:00,SEONG MIN WOO,Action,EditorLeft,MathMain,Editor,D:/HomeWork/2/a2-2/src/MathMain.java,MathMain::getProductBetween,21,32,Default task
2021-09-09T13:59:55.573+09:00,SEONG MIN WOO,Action,EditorBackSpace,MathMain,Editor,D:/HomeWork/2/a2-2/src/MathMain.java,MathMain::getProductBetween,21,31,Default task
2021-09-09T13:59:55.842+09:00,SEONG MIN WOO,IdeState,Active,MathMain,Editor,D:/HomeWork/2/a2-2/src/MathMain.java,MathMain::getProductBetween,21,30,Default task
2021-09-09T13:59:56.456+09:00,SEONG MIN WOO,Action,EditorUp,MathMain,Editor,D:/HomeWork/2/a2-2/src/MathMain.java,MathMain::getProductBetween,21,31,Default task
2021-09-09T13:59:56.660+09:00,SEONG MIN WOO,Action,EditorLeft,MathMain,Editor,D:/HomeWork/2/a2-2/src/MathMain.java,MathMain::getProductBetween,20,31,Default task
2021-09-09T13:59:56.818+09:00,SEONG MIN WOO,Action,EditorLeft,MathMain,Editor,D:/HomeWork/2/a2-2/src/MathMain.java,MathMain::getProductBetween,20,30,Default task
2021-09-09T13:59:56.855+09:00,SEONG MIN WOO,IdeState,Active,MathMain,Editor,D:/HomeWork/2/a2-2/src/MathMain.java,MathMain::getProductBetween,20,29,Default task
2021-09-09T13:59:56.964+09:00,SEONG MIN WOO,Action,EditorUp,MathMain,Editor,D:/HomeWork/2/a2-2/src/MathMain.java,MathMain::getProductBetween,20,29,Default task
2021-09-09T13:59:57.059+09:00,SEONG MIN WOO,Action,EditorLeft,MathMain,Editor,D:/HomeWork/2/a2-2/src/MathMain.java,MathMain::getProductBetween,19,24,Default task
2021-09-09T13:59:57.535+09:00,SEONG MIN WOO,Action,EditorBackSpace,MathMain,Editor,D:/HomeWork/2/a2-2/src/MathMain.java,MathMain::getProductBetween,19,23,Default task
2021-09-09T13:59:57.861+09:00,SEONG MIN WOO,IdeState,Active,MathMain,Editor,D:/HomeWork/2/a2-2/src/MathMain.java,MathMain::getProductBetween,19,23,Default task
2021-09-09T13:59:57.881+09:00,SEONG MIN WOO,Action,EditorDown,MathMain,Editor,D:/HomeWork/2/a2-2/src/MathMain.java,MathMain::getProductBetween,19,23,Default task
2021-09-09T13:59:58.053+09:00,SEONG MIN WOO,Action,EditorDown,MathMain,Editor,D:/HomeWork/2/a2-2/src/MathMain.java,MathMain::getProductBetween,20,23,Default task
2021-09-09T13:59:58.216+09:00,SEONG MIN WOO,Action,EditorDown,MathMain,Editor,D:/HomeWork/2/a2-2/src/MathMain.java,MathMain::getProductBetween,21,23,Default task
2021-09-09T13:59:58.379+09:00,SEONG MIN WOO,Action,EditorDown,MathMain,Editor,D:/HomeWork/2/a2-2/src/MathMain.java,MathMain::getProductBetween,22,9,Default task
2021-09-09T13:59:58.728+09:00,SEONG MIN WOO,Action,EditorLeft,MathMain,Editor,D:/HomeWork/2/a2-2/src/MathMain.java,MathMain::getProductBetween,23,19,Default task
2021-09-09T13:59:58.871+09:00,SEONG MIN WOO,IdeState,Active,MathMain,Editor,D:/HomeWork/2/a2-2/src/MathMain.java,MathMain::getProductBetween,23,18,Default task
2021-09-09T13:59:59.114+09:00,SEONG MIN WOO,Action,EditorBackSpace,MathMain,Editor,D:/HomeWork/2/a2-2/src/MathMain.java,MathMain::getProductBetween,23,18,Default task
2021-09-09T13:59:59.228+09:00,SEONG MIN WOO,Action,EditorBackSpace,MathMain,Editor,D:/HomeWork/2/a2-2/src/MathMain.java,MathMain::getProductBetween,23,17,Default task
2021-09-09T13:59:59.488+09:00,SEONG MIN WOO,Action,EditorBackSpace,MathMain,Editor,D:/HomeWork/2/a2-2/src/MathMain.java,MathMain::getProductBetween,23,16,Default task
2021-09-09T13:59:59.878+09:00,SEONG MIN WOO,IdeState,Active,MathMain,Editor,D:/HomeWork/2/a2-2/src/MathMain.java,MathMain::getProductBetween,23,15,Default task
2021-09-09T14:00:00.888+09:00,SEONG MIN WOO,IdeState,Active,MathMain,Editor,D:/HomeWork/2/a2-2/src/MathMain.java,MathMain::getProductBetween,23,22,Default task
2021-09-09T14:00:01.109+09:00,SEONG MIN WOO,Action,EditorUp,MathMain,Editor,D:/HomeWork/2/a2-2/src/MathMain.java,MathMain::getProductBetween,23,22,Default task
2021-09-09T14:00:01.897+09:00,SEONG MIN WOO,IdeState,Active,MathMain,Editor,D:/HomeWork/2/a2-2/src/MathMain.java,MathMain::getProductBetween,23,22,Default task
2021-09-09T14:00:02.909+09:00,SEONG MIN WOO,IdeState,Active,MathMain,Editor,D:/HomeWork/2/a2-2/src/MathMain.java,MathMain::getSumBetween,15,19,Default task
2021-09-09T14:00:03.920+09:00,SEONG MIN WOO,IdeState,Active,MathMain,Editor,D:/HomeWork/2/a2-2/src/MathMain.java,,24,5,Default task
2021-09-09T14:00:04.923+09:00,SEONG MIN WOO,IdeState,Active,MathMain,Editor,D:/HomeWork/2/a2-2/src/MathMain.java,MathMain::main,7,8,Default task
2021-09-09T14:00:05.925+09:00,SEONG MIN WOO,IdeState,Active,MathMain,Editor,D:/HomeWork/2/a2-2/src/MathMain.java,MathMain::main,7,8,Default task
2021-09-09T14:00:06.309+09:00,SEONG MIN WOO,Action,SaveAll,MathMain,Editor,D:/HomeWork/2/a2-2/src/MathMain.java,MathMain::main,7,8,Default task
2021-09-09T14:00:06.933+09:00,SEONG MIN WOO,IdeState,Active,MathMain,Editor,D:/HomeWork/2/a2-2/src/MathMain.java,MathMain::main,6,32,Default task
2021-09-09T14:00:07.248+09:00,SEONG MIN WOO,Action,EditorEnter,MathMain,Editor,D:/HomeWork/2/a2-2/src/MathMain.java,MathMain::main,6,32,Default task
2021-09-09T14:00:07.510+09:00,SEONG MIN WOO,Action,EditorEnter,MathMain,Editor,D:/HomeWork/2/a2-2/src/MathMain.java,MathMain::main,7,8,Default task
2021-09-09T14:00:07.944+09:00,SEONG MIN WOO,IdeState,Active,MathMain,Editor,D:/HomeWork/2/a2-2/src/MathMain.java,MathMain::main,8,8,Default task
2021-09-09T14:00:08.955+09:00,SEONG MIN WOO,IdeState,Active,MathMain,Editor,D:/HomeWork/2/a2-2/src/MathMain.java,MathMain::main,8,8,Default task
2021-09-09T14:00:09.962+09:00,SEONG MIN WOO,IdeState,Active,MathMain,Editor,D:/HomeWork/2/a2-2/src/MathMain.java,MathMain::main,8,10,Default task
2021-09-09T14:00:10.975+09:00,SEONG MIN WOO,IdeState,Active,MathMain,Editor,D:/HomeWork/2/a2-2/src/MathMain.java,MathMain::main,8,13,Default task
2021-09-09T14:00:11.886+09:00,SEONG MIN WOO,Action,EditorBackSpace,MathMain,Editor,D:/HomeWork/2/a2-2/src/MathMain.java,MathMain::main,8,17,Default task
2021-09-09T14:00:11.986+09:00,SEONG MIN WOO,IdeState,Active,MathMain,Editor,D:/HomeWork/2/a2-2/src/MathMain.java,MathMain::main,8,16,Default task
2021-09-09T14:00:12.996+09:00,SEONG MIN WOO,IdeState,Active,MathMain,Editor,D:/HomeWork/2/a2-2/src/MathMain.java,MathMain::main,8,19,Default task
2021-09-09T14:00:14.007+09:00,SEONG MIN WOO,IdeState,Active,MathMain,Editor,D:/HomeWork/2/a2-2/src/MathMain.java,MathMain::main,8,22,Default task
2021-09-09T14:00:15.020+09:00,SEONG MIN WOO,IdeState,Active,MathMain,Editor,D:/HomeWork/2/a2-2/src/MathMain.java,MathMain::main,8,22,Default task
2021-09-09T14:00:16.030+09:00,SEONG MIN WOO,IdeState,Active,MathMain,Editor,D:/HomeWork/2/a2-2/src/MathMain.java,MathMain::main,8,33,Default task
2021-09-09T14:00:17.039+09:00,SEONG MIN WOO,IdeState,Active,MathMain,Editor,D:/HomeWork/2/a2-2/src/MathMain.java,MathMain::main,8,33,Default task
2021-09-09T14:00:18.050+09:00,SEONG MIN WOO,IdeState,Active,MathMain,Editor,D:/HomeWork/2/a2-2/src/MathMain.java,MathMain::main,8,40,Default task
2021-09-09T14:00:19.052+09:00,SEONG MIN WOO,IdeState,Active,MathMain,Editor,D:/HomeWork/2/a2-2/src/MathMain.java,MathMain::main,8,45,Default task
2021-09-09T14:00:20.064+09:00,SEONG MIN WOO,IdeState,Active,MathMain,Editor,D:/HomeWork/2/a2-2/src/MathMain.java,MathMain::main,8,45,Default task
2021-09-09T14:00:20.342+09:00,SEONG MIN WOO,Action,EditorEnter,MathMain,Editor,D:/HomeWork/2/a2-2/src/MathMain.java,MathMain::main,8,45,Default task
2021-09-09T14:00:21.075+09:00,SEONG MIN WOO,IdeState,Active,MathMain,Editor,D:/HomeWork/2/a2-2/src/MathMain.java,MathMain::main,9,8,Default task
2021-09-09T14:00:22.088+09:00,SEONG MIN WOO,IdeState,Active,MathMain,Editor,D:/HomeWork/2/a2-2/src/MathMain.java,MathMain::main,9,13,Default task
2021-09-09T14:00:23.093+09:00,SEONG MIN WOO,Action,EditorBackSpace,MathMain,Editor,D:/HomeWork/2/a2-2/src/MathMain.java,MathMain::main,9,15,Default task
2021-09-09T14:00:23.102+09:00,SEONG MIN WOO,IdeState,Active,MathMain,Editor,D:/HomeWork/2/a2-2/src/MathMain.java,MathMain::main,9,14,Default task
2021-09-09T14:00:23.208+09:00,SEONG MIN WOO,Action,EditorBackSpace,MathMain,Editor,D:/HomeWork/2/a2-2/src/MathMain.java,MathMain::main,9,14,Default task
2021-09-09T14:00:24.102+09:00,SEONG MIN WOO,IdeState,Active,MathMain,Editor,D:/HomeWork/2/a2-2/src/MathMain.java,MathMain::main,9,17,Default task
2021-09-09T14:00:25.112+09:00,SEONG MIN WOO,IdeState,Active,MathMain,Editor,D:/HomeWork/2/a2-2/src/MathMain.java,MathMain::main,9,20,Default task
2021-09-09T14:00:26.124+09:00,SEONG MIN WOO,IdeState,Active,MathMain,Editor,D:/HomeWork/2/a2-2/src/MathMain.java,MathMain::main,9,23,Default task
2021-09-09T14:00:26.200+09:00,SEONG MIN WOO,Action,EditorBackSpace,MathMain,Editor,D:/HomeWork/2/a2-2/src/MathMain.java,MathMain::main,9,23,Default task
2021-09-09T14:00:26.858+09:00,SEONG MIN WOO,Action,EditorBackSpace,MathMain,Editor,D:/HomeWork/2/a2-2/src/MathMain.java,MathMain::main,9,24,Default task
2021-09-09T14:00:26.973+09:00,SEONG MIN WOO,Action,EditorBackSpace,MathMain,Editor,D:/HomeWork/2/a2-2/src/MathMain.java,MathMain::main,9,23,Default task
2021-09-09T14:00:27.137+09:00,SEONG MIN WOO,IdeState,Active,MathMain,Editor,D:/HomeWork/2/a2-2/src/MathMain.java,MathMain::main,9,22,Default task
2021-09-09T14:00:27.322+09:00,SEONG MIN WOO,Action,EditorBackSpace,MathMain,Editor,D:/HomeWork/2/a2-2/src/MathMain.java,MathMain::main,9,22,Default task
2021-09-09T14:00:28.147+09:00,SEONG MIN WOO,IdeState,Active,MathMain,Editor,D:/HomeWork/2/a2-2/src/MathMain.java,MathMain::main,9,25,Default task
2021-09-09T14:00:29.154+09:00,SEONG MIN WOO,IdeState,Active,MathMain,Editor,D:/HomeWork/2/a2-2/src/MathMain.java,MathMain::main,9,27,Default task
2021-09-09T14:00:30.165+09:00,SEONG MIN WOO,IdeState,Active,MathMain,Editor,D:/HomeWork/2/a2-2/src/MathMain.java,MathMain::main,9,29,Default task
2021-09-09T14:00:30.726+09:00,SEONG MIN WOO,Action,EditorBackSpace,MathMain,Editor,D:/HomeWork/2/a2-2/src/MathMain.java,MathMain::main,9,30,Default task
2021-09-09T14:00:30.841+09:00,SEONG MIN WOO,Action,EditorBackSpace,MathMain,Editor,D:/HomeWork/2/a2-2/src/MathMain.java,MathMain::main,9,29,Default task
2021-09-09T14:00:31.173+09:00,SEONG MIN WOO,IdeState,Active,MathMain,Editor,D:/HomeWork/2/a2-2/src/MathMain.java,MathMain::main,9,29,Default task
2021-09-09T14:00:32.186+09:00,SEONG MIN WOO,IdeState,Active,MathMain,Editor,D:/HomeWork/2/a2-2/src/MathMain.java,MathMain::main,9,32,Default task
2021-09-09T14:00:33.194+09:00,SEONG MIN WOO,IdeState,Active,MathMain,Editor,D:/HomeWork/2/a2-2/src/MathMain.java,MathMain::main,9,32,Default task
2021-09-09T14:00:34.196+09:00,SEONG MIN WOO,Action,EditorBackSpace,MathMain,Editor,D:/HomeWork/2/a2-2/src/MathMain.java,MathMain::main,9,34,Default task
2021-09-09T14:00:34.203+09:00,SEONG MIN WOO,IdeState,Active,MathMain,Editor,D:/HomeWork/2/a2-2/src/MathMain.java,MathMain::main,9,33,Default task
2021-09-09T14:00:35.212+09:00,SEONG MIN WOO,IdeState,Active,MathMain,Editor,D:/HomeWork/2/a2-2/src/MathMain.java,MathMain::main,9,37,Default task
2021-09-09T14:00:36.225+09:00,SEONG MIN WOO,IdeState,Active,MathMain,Editor,D:/HomeWork/2/a2-2/src/MathMain.java,MathMain::main,9,39,Default task
2021-09-09T14:00:37.237+09:00,SEONG MIN WOO,IdeState,Active,MathMain,Editor,D:/HomeWork/2/a2-2/src/MathMain.java,MathMain::main,9,39,Default task
2021-09-09T14:00:38.250+09:00,SEONG MIN WOO,IdeState,Active,MathMain,Editor,D:/HomeWork/2/a2-2/src/MathMain.java,MathMain::main,9,43,Default task
2021-09-09T14:00:39.264+09:00,SEONG MIN WOO,IdeState,Active,MathMain,Editor,D:/HomeWork/2/a2-2/src/MathMain.java,MathMain::main,9,47,Default task
2021-09-09T14:00:40.271+09:00,SEONG MIN WOO,IdeState,Active,MathMain,Editor,D:/HomeWork/2/a2-2/src/MathMain.java,MathMain::main,9,50,Default task
2021-09-09T14:00:41.285+09:00,SEONG MIN WOO,IdeState,Active,MathMain,Editor,D:/HomeWork/2/a2-2/src/MathMain.java,MathMain::main,9,51,Default task
2021-09-09T14:00:42.292+09:00,SEONG MIN WOO,IdeState,Active,MathMain,Editor,D:/HomeWork/2/a2-2/src/MathMain.java,MathMain::main,9,51,Default task
2021-09-09T14:00:43.304+09:00,SEONG MIN WOO,IdeState,Active,MathMain,Editor,D:/HomeWork/2/a2-2/src/MathMain.java,MathMain::main,9,52,Default task
2021-09-09T14:00:43.898+09:00,SEONG MIN WOO,Action,EditorBackSpace,MathMain,Editor,D:/HomeWork/2/a2-2/src/MathMain.java,MathMain::main,9,53,Default task
2021-09-09T14:00:44.316+09:00,SEONG MIN WOO,IdeState,Active,MathMain,Editor,D:/HomeWork/2/a2-2/src/MathMain.java,MathMain::main,9,54,Default task
2021-09-09T14:00:45.328+09:00,SEONG MIN WOO,IdeState,Active,MathMain,Editor,D:/HomeWork/2/a2-2/src/MathMain.java,MathMain::main,9,54,Default task
2021-09-09T14:00:46.335+09:00,SEONG MIN WOO,IdeState,Active,MathMain,Editor,D:/HomeWork/2/a2-2/src/MathMain.java,MathMain::main,9,54,Default task
2021-09-09T14:00:47.350+09:00,SEONG MIN WOO,IdeState,Active,MathMain,Editor,D:/HomeWork/2/a2-2/src/MathMain.java,MathMain::main,9,54,Default task
2021-09-09T14:00:48.362+09:00,SEONG MIN WOO,IdeState,Active,MathMain,Editor,D:/HomeWork/2/a2-2/src/MathMain.java,MathMain::main,9,54,Default task
2021-09-09T14:00:49.372+09:00,SEONG MIN WOO,IdeState,Active,MathMain,Editor,D:/HomeWork/2/a2-2/src/MathMain.java,MathMain::main,9,56,Default task
2021-09-09T14:00:50.385+09:00,SEONG MIN WOO,IdeState,Active,MathMain,Editor,D:/HomeWork/2/a2-2/src/MathMain.java,MathMain::main,9,56,Default task
2021-09-09T14:00:51.394+09:00,SEONG MIN WOO,IdeState,Active,MathMain,Editor,D:/HomeWork/2/a2-2/src/MathMain.java,MathMain::main,9,57,Default task
2021-09-09T14:00:52.407+09:00,SEONG MIN WOO,IdeState,Active,MathMain,Editor,D:/HomeWork/2/a2-2/src/MathMain.java,MathMain::main,9,61,Default task
2021-09-09T14:00:53.420+09:00,SEONG MIN WOO,IdeState,Active,MathMain,Editor,D:/HomeWork/2/a2-2/src/MathMain.java,MathMain::main,9,70,Default task
2021-09-09T14:00:54.432+09:00,SEONG MIN WOO,IdeState,Active,MathMain,Editor,D:/HomeWork/2/a2-2/src/MathMain.java,MathMain::main,9,71,Default task
2021-09-09T14:00:55.441+09:00,SEONG MIN WOO,IdeState,Active,MathMain,Editor,D:/HomeWork/2/a2-2/src/MathMain.java,MathMain::main,9,74,Default task
2021-09-09T14:00:55.530+09:00,SEONG MIN WOO,Action,EditorBackSpace,MathMain,Editor,D:/HomeWork/2/a2-2/src/MathMain.java,MathMain::main,9,74,Default task
2021-09-09T14:00:55.873+09:00,SEONG MIN WOO,Action,EditorBackSpace,MathMain,Editor,D:/HomeWork/2/a2-2/src/MathMain.java,MathMain::main,9,73,Default task
2021-09-09T14:00:56.454+09:00,SEONG MIN WOO,IdeState,Active,MathMain,Editor,D:/HomeWork/2/a2-2/src/MathMain.java,MathMain::main,9,73,Default task
2021-09-09T14:00:56.963+09:00,SEONG MIN WOO,Action,EditorRight,MathMain,Editor,D:/HomeWork/2/a2-2/src/MathMain.java,MathMain::main,9,74,Default task
2021-09-09T14:00:57.202+09:00,SEONG MIN WOO,Action,EditorRight,MathMain,Editor,D:/HomeWork/2/a2-2/src/MathMain.java,MathMain::main,9,75,Default task
2021-09-09T14:00:57.464+09:00,SEONG MIN WOO,IdeState,Active,MathMain,Editor,D:/HomeWork/2/a2-2/src/MathMain.java,MathMain::main,10,0,Default task
2021-09-09T14:00:57.628+09:00,SEONG MIN WOO,Action,EditorLeft,MathMain,Editor,D:/HomeWork/2/a2-2/src/MathMain.java,MathMain::main,10,0,Default task
2021-09-09T14:00:58.477+09:00,SEONG MIN WOO,IdeState,Active,MathMain,Editor,D:/HomeWork/2/a2-2/src/MathMain.java,MathMain::main,9,75,Default task
2021-09-09T14:00:58.914+09:00,SEONG MIN WOO,Action,EditorEnter,MathMain,Editor,D:/HomeWork/2/a2-2/src/MathMain.java,MathMain::main,9,76,Default task
2021-09-09T14:00:59.409+09:00,SEONG MIN WOO,Action,EditorEnter,MathMain,Editor,D:/HomeWork/2/a2-2/src/MathMain.java,MathMain::main,10,8,Default task
2021-09-09T14:00:59.491+09:00,SEONG MIN WOO,IdeState,Active,MathMain,Editor,D:/HomeWork/2/a2-2/src/MathMain.java,MathMain::main,11,8,Default task
2021-09-09T14:01:00.502+09:00,SEONG MIN WOO,IdeState,Active,MathMain,Editor,D:/HomeWork/2/a2-2/src/MathMain.java,MathMain::main,11,8,Default task
2021-09-09T14:01:01.502+09:00,SEONG MIN WOO,IdeState,Active,MathMain,Editor,D:/HomeWork/2/a2-2/src/MathMain.java,MathMain::main,10,8,Default task
2021-09-09T14:01:02.087+09:00,SEONG MIN WOO,Action,EditorCopy,MathMain,Editor,D:/HomeWork/2/a2-2/src/MathMain.java,MathMain::main,9,76,Default task
2021-09-09T14:01:02.516+09:00,SEONG MIN WOO,IdeState,Active,MathMain,Editor,D:/HomeWork/2/a2-2/src/MathMain.java,MathMain::main,11,8,Default task
2021-09-09T14:01:02.704+09:00,SEONG MIN WOO,Action,EditorPaste,MathMain,Editor,D:/HomeWork/2/a2-2/src/MathMain.java,MathMain::main,11,8,Default task
2021-09-09T14:01:03.529+09:00,SEONG MIN WOO,IdeState,Active,MathMain,Editor,D:/HomeWork/2/a2-2/src/MathMain.java,MathMain::main,11,15,Default task
2021-09-09T14:01:04.539+09:00,SEONG MIN WOO,IdeState,Active,MathMain,Editor,D:/HomeWork/2/a2-2/src/MathMain.java,MathMain::main,11,16,Default task
2021-09-09T14:01:04.612+09:00,SEONG MIN WOO,Action,EditorBackSpace,MathMain,Editor,D:/HomeWork/2/a2-2/src/MathMain.java,MathMain::main,11,16,Default task
2021-09-09T14:01:04.947+09:00,SEONG MIN WOO,Action,EditorBackSpace,MathMain,Editor,D:/HomeWork/2/a2-2/src/MathMain.java,MathMain::main,11,15,Default task
2021-09-09T14:01:05.096+09:00,SEONG MIN WOO,Action,EditorBackSpace,MathMain,Editor,D:/HomeWork/2/a2-2/src/MathMain.java,MathMain::main,11,14,Default task
2021-09-09T14:01:05.550+09:00,SEONG MIN WOO,IdeState,Active,MathMain,Editor,D:/HomeWork/2/a2-2/src/MathMain.java,MathMain::main,11,13,Default task
2021-09-09T14:01:06.563+09:00,SEONG MIN WOO,IdeState,Active,MathMain,Editor,D:/HomeWork/2/a2-2/src/MathMain.java,MathMain::main,11,20,Default task
2021-09-09T14:01:06.876+09:00,SEONG MIN WOO,Action,EditorRight,MathMain,Editor,D:/HomeWork/2/a2-2/src/MathMain.java,MathMain::main,11,20,Default task
2021-09-09T14:01:07.138+09:00,SEONG MIN WOO,Action,EditorRight,MathMain,Editor,D:/HomeWork/2/a2-2/src/MathMain.java,MathMain::main,11,21,Default task
2021-09-09T14:01:07.168+09:00,SEONG MIN WOO,Action,EditorRight,MathMain,Editor,D:/HomeWork/2/a2-2/src/MathMain.java,MathMain::main,11,22,Default task
2021-09-09T14:01:07.198+09:00,SEONG MIN WOO,Action,EditorRight,MathMain,Editor,D:/HomeWork/2/a2-2/src/MathMain.java,MathMain::main,11,23,Default task
2021-09-09T14:01:07.230+09:00,SEONG MIN WOO,Action,EditorRight,MathMain,Editor,D:/HomeWork/2/a2-2/src/MathMain.java,MathMain::main,11,24,Default task
2021-09-09T14:01:07.261+09:00,SEONG MIN WOO,Action,EditorRight,MathMain,Editor,D:/HomeWork/2/a2-2/src/MathMain.java,MathMain::main,11,25,Default task
2021-09-09T14:01:07.292+09:00,SEONG MIN WOO,Action,EditorRight,MathMain,Editor,D:/HomeWork/2/a2-2/src/MathMain.java,MathMain::main,11,26,Default task
2021-09-09T14:01:07.339+09:00,SEONG MIN WOO,Action,EditorRight,MathMain,Editor,D:/HomeWork/2/a2-2/src/MathMain.java,MathMain::main,11,27,Default task
2021-09-09T14:01:07.370+09:00,SEONG MIN WOO,Action,EditorRight,MathMain,Editor,D:/HomeWork/2/a2-2/src/MathMain.java,MathMain::main,11,28,Default task
2021-09-09T14:01:07.572+09:00,SEONG MIN WOO,IdeState,Active,MathMain,Editor,D:/HomeWork/2/a2-2/src/MathMain.java,MathMain::main,11,29,Default task
2021-09-09T14:01:07.961+09:00,SEONG MIN WOO,Action,EditorBackSpace,MathMain,Editor,D:/HomeWork/2/a2-2/src/MathMain.java,MathMain::main,11,29,Default task
2021-09-09T14:01:08.132+09:00,SEONG MIN WOO,Action,EditorBackSpace,MathMain,Editor,D:/HomeWork/2/a2-2/src/MathMain.java,MathMain::main,11,28,Default task
2021-09-09T14:01:08.367+09:00,SEONG MIN WOO,Action,EditorBackSpace,MathMain,Editor,D:/HomeWork/2/a2-2/src/MathMain.java,MathMain::main,11,27,Default task
2021-09-09T14:01:08.579+09:00,SEONG MIN WOO,IdeState,Active,MathMain,Editor,D:/HomeWork/2/a2-2/src/MathMain.java,MathMain::main,11,26,Default task
2021-09-09T14:01:09.593+09:00,SEONG MIN WOO,IdeState,Active,MathMain,Editor,D:/HomeWork/2/a2-2/src/MathMain.java,MathMain::main,11,30,Default task
2021-09-09T14:01:10.603+09:00,SEONG MIN WOO,IdeState,Active,MathMain,Editor,D:/HomeWork/2/a2-2/src/MathMain.java,MathMain::main,11,33,Default task
2021-09-09T14:01:11.618+09:00,SEONG MIN WOO,IdeState,Active,MathMain,Editor,D:/HomeWork/2/a2-2/src/MathMain.java,MathMain::main,11,27,Default task
2021-09-09T14:01:12.631+09:00,SEONG MIN WOO,IdeState,Active,MathMain,Editor,D:/HomeWork/2/a2-2/src/MathMain.java,MathMain::main,12,21,Default task
2021-09-09T14:01:13.641+09:00,SEONG MIN WOO,IdeState,Active,MathMain,Editor,D:/HomeWork/2/a2-2/src/MathMain.java,MathMain::main,12,30,Default task
2021-09-09T14:01:14.144+09:00,SEONG MIN WOO,Action,EditorBackSpace,MathMain,Editor,D:/HomeWork/2/a2-2/src/MathMain.java,MathMain::main,12,30,Default task
2021-09-09T14:01:14.288+09:00,SEONG MIN WOO,Action,EditorBackSpace,MathMain,Editor,D:/HomeWork/2/a2-2/src/MathMain.java,MathMain::main,12,29,Default task
2021-09-09T14:01:14.640+09:00,SEONG MIN WOO,Action,EditorBackSpace,MathMain,Editor,D:/HomeWork/2/a2-2/src/MathMain.java,MathMain::main,12,28,Default task
2021-09-09T14:01:14.654+09:00,SEONG MIN WOO,IdeState,Active,MathMain,Editor,D:/HomeWork/2/a2-2/src/MathMain.java,MathMain::main,12,27,Default task
2021-09-09T14:01:15.662+09:00,SEONG MIN WOO,IdeState,Active,MathMain,Editor,D:/HomeWork/2/a2-2/src/MathMain.java,MathMain::main,12,33,Default task
2021-09-09T14:01:16.315+09:00,SEONG MIN WOO,Action,EditorRight,MathMain,Editor,D:/HomeWork/2/a2-2/src/MathMain.java,MathMain::main,12,34,Default task
2021-09-09T14:01:16.566+09:00,SEONG MIN WOO,Action,EditorRight,MathMain,Editor,D:/HomeWork/2/a2-2/src/MathMain.java,MathMain::main,12,35,Default task
2021-09-09T14:01:16.598+09:00,SEONG MIN WOO,Action,EditorRight,MathMain,Editor,D:/HomeWork/2/a2-2/src/MathMain.java,MathMain::main,12,36,Default task
2021-09-09T14:01:16.646+09:00,SEONG MIN WOO,Action,EditorRight,MathMain,Editor,D:/HomeWork/2/a2-2/src/MathMain.java,MathMain::main,12,37,Default task
2021-09-09T14:01:16.673+09:00,SEONG MIN WOO,IdeState,Active,MathMain,Editor,D:/HomeWork/2/a2-2/src/MathMain.java,MathMain::main,12,38,Default task
2021-09-09T14:01:16.678+09:00,SEONG MIN WOO,Action,EditorRight,MathMain,Editor,D:/HomeWork/2/a2-2/src/MathMain.java,MathMain::main,12,38,Default task
2021-09-09T14:01:16.706+09:00,SEONG MIN WOO,Action,EditorRight,MathMain,Editor,D:/HomeWork/2/a2-2/src/MathMain.java,MathMain::main,12,39,Default task
2021-09-09T14:01:16.738+09:00,SEONG MIN WOO,Action,EditorRight,MathMain,Editor,D:/HomeWork/2/a2-2/src/MathMain.java,MathMain::main,12,40,Default task
2021-09-09T14:01:16.769+09:00,SEONG MIN WOO,Action,EditorRight,MathMain,Editor,D:/HomeWork/2/a2-2/src/MathMain.java,MathMain::main,12,41,Default task
2021-09-09T14:01:16.801+09:00,SEONG MIN WOO,Action,EditorRight,MathMain,Editor,D:/HomeWork/2/a2-2/src/MathMain.java,MathMain::main,12,42,Default task
2021-09-09T14:01:16.833+09:00,SEONG MIN WOO,Action,EditorRight,MathMain,Editor,D:/HomeWork/2/a2-2/src/MathMain.java,MathMain::main,12,43,Default task
2021-09-09T14:01:16.862+09:00,SEONG MIN WOO,Action,EditorRight,MathMain,Editor,D:/HomeWork/2/a2-2/src/MathMain.java,MathMain::main,12,44,Default task
2021-09-09T14:01:16.910+09:00,SEONG MIN WOO,Action,EditorRight,MathMain,Editor,D:/HomeWork/2/a2-2/src/MathMain.java,MathMain::main,12,45,Default task
2021-09-09T14:01:16.940+09:00,SEONG MIN WOO,Action,EditorRight,MathMain,Editor,D:/HomeWork/2/a2-2/src/MathMain.java,MathMain::main,12,46,Default task
2021-09-09T14:01:16.972+09:00,SEONG MIN WOO,Action,EditorRight,MathMain,Editor,D:/HomeWork/2/a2-2/src/MathMain.java,MathMain::main,12,47,Default task
2021-09-09T14:01:17.002+09:00,SEONG MIN WOO,Action,EditorRight,MathMain,Editor,D:/HomeWork/2/a2-2/src/MathMain.java,MathMain::main,12,48,Default task
2021-09-09T14:01:17.033+09:00,SEONG MIN WOO,Action,EditorRight,MathMain,Editor,D:/HomeWork/2/a2-2/src/MathMain.java,MathMain::main,12,49,Default task
2021-09-09T14:01:17.064+09:00,SEONG MIN WOO,Action,EditorRight,MathMain,Editor,D:/HomeWork/2/a2-2/src/MathMain.java,MathMain::main,12,50,Default task
2021-09-09T14:01:17.096+09:00,SEONG MIN WOO,Action,EditorRight,MathMain,Editor,D:/HomeWork/2/a2-2/src/MathMain.java,MathMain::main,12,51,Default task
2021-09-09T14:01:17.142+09:00,SEONG MIN WOO,Action,EditorRight,MathMain,Editor,D:/HomeWork/2/a2-2/src/MathMain.java,MathMain::main,12,52,Default task
2021-09-09T14:01:17.174+09:00,SEONG MIN WOO,Action,EditorRight,MathMain,Editor,D:/HomeWork/2/a2-2/src/MathMain.java,MathMain::main,12,53,Default task
2021-09-09T14:01:17.206+09:00,SEONG MIN WOO,Action,EditorRight,MathMain,Editor,D:/HomeWork/2/a2-2/src/MathMain.java,MathMain::main,12,54,Default task
2021-09-09T14:01:17.237+09:00,SEONG MIN WOO,Action,EditorRight,MathMain,Editor,D:/HomeWork/2/a2-2/src/MathMain.java,MathMain::main,12,55,Default task
2021-09-09T14:01:17.268+09:00,SEONG MIN WOO,Action,EditorRight,MathMain,Editor,D:/HomeWork/2/a2-2/src/MathMain.java,MathMain::main,12,56,Default task
2021-09-09T14:01:17.299+09:00,SEONG MIN WOO,Action,EditorRight,MathMain,Editor,D:/HomeWork/2/a2-2/src/MathMain.java,MathMain::main,12,57,Default task
2021-09-09T14:01:17.330+09:00,SEONG MIN WOO,Action,EditorRight,MathMain,Editor,D:/HomeWork/2/a2-2/src/MathMain.java,MathMain::main,12,58,Default task
2021-09-09T14:01:17.360+09:00,SEONG MIN WOO,Action,EditorRight,MathMain,Editor,D:/HomeWork/2/a2-2/src/MathMain.java,MathMain::main,12,59,Default task
2021-09-09T14:01:17.393+09:00,SEONG MIN WOO,Action,EditorRight,MathMain,Editor,D:/HomeWork/2/a2-2/src/MathMain.java,MathMain::main,12,60,Default task
2021-09-09T14:01:17.425+09:00,SEONG MIN WOO,Action,EditorRight,MathMain,Editor,D:/HomeWork/2/a2-2/src/MathMain.java,MathMain::main,12,61,Default task
2021-09-09T14:01:17.472+09:00,SEONG MIN WOO,Action,EditorRight,MathMain,Editor,D:/HomeWork/2/a2-2/src/MathMain.java,MathMain::main,12,62,Default task
2021-09-09T14:01:17.502+09:00,SEONG MIN WOO,Action,EditorRight,MathMain,Editor,D:/HomeWork/2/a2-2/src/MathMain.java,MathMain::main,12,63,Default task
2021-09-09T14:01:17.533+09:00,SEONG MIN WOO,Action,EditorRight,MathMain,Editor,D:/HomeWork/2/a2-2/src/MathMain.java,MathMain::main,12,64,Default task
2021-09-09T14:01:17.565+09:00,SEONG MIN WOO,Action,EditorRight,MathMain,Editor,D:/HomeWork/2/a2-2/src/MathMain.java,MathMain::main,12,65,Default task
2021-09-09T14:01:17.597+09:00,SEONG MIN WOO,Action,EditorRight,MathMain,Editor,D:/HomeWork/2/a2-2/src/MathMain.java,MathMain::main,12,66,Default task
2021-09-09T14:01:17.627+09:00,SEONG MIN WOO,Action,EditorRight,MathMain,Editor,D:/HomeWork/2/a2-2/src/MathMain.java,MathMain::main,12,67,Default task
2021-09-09T14:01:17.659+09:00,SEONG MIN WOO,Action,EditorRight,MathMain,Editor,D:/HomeWork/2/a2-2/src/MathMain.java,MathMain::main,12,68,Default task
2021-09-09T14:01:17.686+09:00,SEONG MIN WOO,IdeState,Active,MathMain,Editor,D:/HomeWork/2/a2-2/src/MathMain.java,MathMain::main,12,69,Default task
2021-09-09T14:01:17.687+09:00,SEONG MIN WOO,Action,EditorRight,MathMain,Editor,D:/HomeWork/2/a2-2/src/MathMain.java,MathMain::main,12,69,Default task
2021-09-09T14:01:17.735+09:00,SEONG MIN WOO,Action,EditorRight,MathMain,Editor,D:/HomeWork/2/a2-2/src/MathMain.java,MathMain::main,12,70,Default task
2021-09-09T14:01:17.768+09:00,SEONG MIN WOO,Action,EditorRight,MathMain,Editor,D:/HomeWork/2/a2-2/src/MathMain.java,MathMain::main,12,71,Default task
2021-09-09T14:01:17.798+09:00,SEONG MIN WOO,Action,EditorRight,MathMain,Editor,D:/HomeWork/2/a2-2/src/MathMain.java,MathMain::main,12,72,Default task
2021-09-09T14:01:17.829+09:00,SEONG MIN WOO,Action,EditorRight,MathMain,Editor,D:/HomeWork/2/a2-2/src/MathMain.java,MathMain::main,12,73,Default task
2021-09-09T14:01:17.859+09:00,SEONG MIN WOO,Action,EditorRight,MathMain,Editor,D:/HomeWork/2/a2-2/src/MathMain.java,MathMain::main,12,74,Default task
2021-09-09T14:01:17.892+09:00,SEONG MIN WOO,Action,EditorRight,MathMain,Editor,D:/HomeWork/2/a2-2/src/MathMain.java,MathMain::main,12,75,Default task
2021-09-09T14:01:17.924+09:00,SEONG MIN WOO,Action,EditorRight,MathMain,Editor,D:/HomeWork/2/a2-2/src/MathMain.java,MathMain::main,12,76,Default task
2021-09-09T14:01:18.048+09:00,SEONG MIN WOO,Action,EditorRight,MathMain,Editor,D:/HomeWork/2/a2-2/src/MathMain.java,MathMain::main,12,77,Default task
2021-09-09T14:01:18.452+09:00,SEONG MIN WOO,Action,EditorBackSpace,MathMain,Editor,D:/HomeWork/2/a2-2/src/MathMain.java,MathMain::main,12,78,Default task
2021-09-09T14:01:18.590+09:00,SEONG MIN WOO,Action,EditorBackSpace,MathMain,Editor,D:/HomeWork/2/a2-2/src/MathMain.java,MathMain::main,12,77,Default task
2021-09-09T14:01:18.699+09:00,SEONG MIN WOO,IdeState,Active,MathMain,Editor,D:/HomeWork/2/a2-2/src/MathMain.java,MathMain::main,12,76,Default task
2021-09-09T14:01:18.762+09:00,SEONG MIN WOO,Action,EditorBackSpace,MathMain,Editor,D:/HomeWork/2/a2-2/src/MathMain.java,MathMain::main,12,76,Default task
2021-09-09T14:01:19.708+09:00,SEONG MIN WOO,IdeState,Active,MathMain,Editor,D:/HomeWork/2/a2-2/src/MathMain.java,MathMain::main,12,75,Default task
2021-09-09T14:01:20.718+09:00,SEONG MIN WOO,IdeState,Active,MathMain,Editor,D:/HomeWork/2/a2-2/src/MathMain.java,MathMain::main,12,77,Default task
2021-09-09T14:01:21.732+09:00,SEONG MIN WOO,IdeState,Active,MathMain,Editor,D:/HomeWork/2/a2-2/src/MathMain.java,MathMain::main,12,82,Default task
2021-09-09T14:01:22.744+09:00,SEONG MIN WOO,IdeState,Active,MathMain,Editor,D:/HomeWork/2/a2-2/src/MathMain.java,MathMain::main,12,82,Default task
2021-09-09T14:01:23.756+09:00,SEONG MIN WOO,IdeState,Inactive,,,,,-1,-1,
2021-09-09T14:01:24.765+09:00,SEONG MIN WOO,IdeState,Inactive,,,,,-1,-1,
2021-09-09T14:01:25.779+09:00,SEONG MIN WOO,IdeState,Inactive,,,,,-1,-1,
2021-09-09T14:01:26.783+09:00,SEONG MIN WOO,IdeState,Inactive,,,,,-1,-1,
2021-09-09T14:01:27.798+09:00,SEONG MIN WOO,IdeState,Inactive,,,,,-1,-1,
2021-09-09T14:01:28.812+09:00,SEONG MIN WOO,IdeState,Inactive,,,,,-1,-1,
2021-09-09T14:01:29.824+09:00,SEONG MIN WOO,IdeState,Inactive,,,,,-1,-1,
2021-09-09T14:01:30.837+09:00,SEONG MIN WOO,IdeState,Inactive,,,,,-1,-1,
2021-09-09T14:01:31.847+09:00,SEONG MIN WOO,IdeState,Inactive,,,,,-1,-1,
2021-09-09T14:01:32.861+09:00,SEONG MIN WOO,IdeState,Inactive,,,,,-1,-1,
2021-09-09T14:01:33.876+09:00,SEONG MIN WOO,IdeState,Inactive,,,,,-1,-1,
2021-09-09T14:01:34.886+09:00,SEONG MIN WOO,IdeState,Inactive,,,,,-1,-1,
2021-09-09T14:01:35.892+09:00,SEONG MIN WOO,IdeState,Inactive,,,,,-1,-1,
2021-09-09T14:01:36.900+09:00,SEONG MIN WOO,IdeState,Inactive,,,,,-1,-1,
2021-09-09T14:01:37.910+09:00,SEONG MIN WOO,IdeState,Inactive,,,,,-1,-1,
2021-09-09T14:01:38.921+09:00,SEONG MIN WOO,IdeState,Inactive,,,,,-1,-1,
2021-09-09T14:01:39.931+09:00,SEONG MIN WOO,IdeState,Inactive,,,,,-1,-1,
2021-09-09T14:01:40.946+09:00,SEONG MIN WOO,IdeState,Inactive,,,,,-1,-1,
2021-09-09T14:01:41.955+09:00,SEONG MIN WOO,IdeState,Inactive,,,,,-1,-1,
2021-09-09T14:01:42.964+09:00,SEONG MIN WOO,IdeState,Inactive,,,,,-1,-1,
2021-09-09T14:01:43.975+09:00,SEONG MIN WOO,IdeState,Inactive,,,,,-1,-1,
2021-09-09T14:01:44.988+09:00,SEONG MIN WOO,IdeState,Inactive,,,,,-1,-1,
2021-09-09T14:01:45.999+09:00,SEONG MIN WOO,IdeState,Inactive,,,,,-1,-1,
2021-09-09T14:01:47.009+09:00,SEONG MIN WOO,IdeState,Inactive,,,,,-1,-1,
2021-09-09T14:01:48.020+09:00,SEONG MIN WOO,IdeState,Inactive,,,,,-1,-1,
2021-09-09T14:01:49.031+09:00,SEONG MIN WOO,IdeState,Inactive,,,,,-1,-1,
2021-09-09T14:01:50.045+09:00,SEONG MIN WOO,IdeState,Inactive,,,,,-1,-1,
2021-09-09T14:01:51.060+09:00,SEONG MIN WOO,IdeState,Inactive,,,,,-1,-1,
2021-09-09T14:01:52.074+09:00,SEONG MIN WOO,IdeState,Active,MathMain,Editor,D:/HomeWork/2/a2-2/src/MathMain.java,MathMain::getProductBetween,29,23,Default task
2021-09-09T14:01:52.525+09:00,SEONG MIN WOO,Action,SaveAll,MathMain,Editor,D:/HomeWork/2/a2-2/src/MathMain.java,MathMain::getProductBetween,29,23,Default task
2021-09-09T14:01:53.089+09:00,SEONG MIN WOO,IdeState,Active,MathMain,Editor,D:/HomeWork/2/a2-2/src/MathMain.java,MathMain::getProductBetween,29,23,Default task
2021-09-09T14:01:54.101+09:00,SEONG MIN WOO,IdeState,Active,MathMain,Editor,D:/HomeWork/2/a2-2/src/MathMain.java,MathMain::getProductBetween,29,23,Default task
2021-09-09T14:01:55.113+09:00,SEONG MIN WOO,IdeState,Active,MathMain,Popup,D:/HomeWork/2/a2-2/src/MathMain.java,MathMain::getProductBetween,29,23,Default task
2021-09-09T14:01:55.702+09:00,SEONG MIN WOO,Action,CompileDirty,MathMain,Editor,D:/HomeWork/2/a2-2/src/MathMain.java,MathMain::getProductBetween,29,23,Default task
2021-09-09T14:01:56.123+09:00,SEONG MIN WOO,IdeState,Active,MathMain,Editor,D:/HomeWork/2/a2-2/src/MathMain.java,MathMain::getProductBetween,29,23,Default task
2021-09-09T14:01:57.127+09:00,SEONG MIN WOO,IdeState,Active,MathMain,Editor,D:/HomeWork/2/a2-2/src/MathMain.java,MathMain::getProductBetween,29,23,Default task
2021-09-09T14:01:58.143+09:00,SEONG MIN WOO,IdeState,Active,MathMain,Editor,D:/HomeWork/2/a2-2/src/MathMain.java,MathMain::getProductBetween,29,23,Default task
2021-09-09T14:01:59.146+09:00,SEONG MIN WOO,IdeState,Inactive,,,,,-1,-1,
2021-09-09T14:02:00.146+09:00,SEONG MIN WOO,IdeState,Active,MathMain,Editor,D:/HomeWork/2/a2-2/src/MathMain.java,MathMain::main,11,53,Default task
2021-09-09T14:02:01.162+09:00,SEONG MIN WOO,IdeState,Active,MathMain,Editor,D:/HomeWork/2/a2-2/src/MathMain.java,MathMain::main,11,53,Default task
2021-09-09T14:02:02.176+09:00,SEONG MIN WOO,IdeState,Active,MathMain,Editor,D:/HomeWork/2/a2-2/src/MathMain.java,MathMain::main,11,53,Default task
2021-09-09T14:02:03.187+09:00,SEONG MIN WOO,IdeState,Active,MathMain,Popup,D:/HomeWork/2/a2-2/src/MathMain.java,MathMain::main,11,53,Default task
2021-09-09T14:02:04.200+09:00,SEONG MIN WOO,Action,ChooseRunConfiguration,MathMain,Editor,D:/HomeWork/2/a2-2/src/MathMain.java,MathMain::main,11,53,Default task
2021-09-09T14:02:04.374+09:00,SEONG MIN WOO,IdeState,Active,MathMain,Popup,D:/HomeWork/2/a2-2/src/MathMain.java,MathMain::main,11,53,Default task
2021-09-09T14:02:05.388+09:00,SEONG MIN WOO,IdeState,Active,MathMain,Popup,D:/HomeWork/2/a2-2/src/MathMain.java,MathMain::main,11,53,Default task
2021-09-09T14:02:06.398+09:00,SEONG MIN WOO,IdeState,Active,MathMain,Editor,D:/HomeWork/2/a2-2/src/MathMain.java,MathMain::main,11,53,Default task
2021-09-09T14:02:07.401+09:00,SEONG MIN WOO,IdeState,Active,MathMain,Editor,D:/HomeWork/2/a2-2/src/MathMain.java,MathMain::main,11,53,Default task
2021-09-09T14:02:08.403+09:00,SEONG MIN WOO,IdeState,Active,MathMain,Editor,D:/HomeWork/2/a2-2/src/MathMain.java,MathMain::main,11,53,Default task
2021-09-09T14:02:09.415+09:00,SEONG MIN WOO,IdeState,Active,MathMain,Editor,D:/HomeWork/2/a2-2/src/MathMain.java,MathMain::main,11,53,Default task
2021-09-09T14:02:10.423+09:00,SEONG MIN WOO,IdeState,Active,MathMain,Editor,D:/HomeWork/2/a2-2/src/MathMain.java,MathMain::main,11,53,Default task
2021-09-09T14:02:11.435+09:00,SEONG MIN WOO,IdeState,Active,MathMain,Editor,D:/HomeWork/2/a2-2/src/MathMain.java,MathMain::main,11,53,Default task
2021-09-09T14:02:12.446+09:00,SEONG MIN WOO,IdeState,Active,MathMain,Editor,D:/HomeWork/2/a2-2/src/MathMain.java,MathMain::main,11,53,Default task
2021-09-09T14:02:13.459+09:00,SEONG MIN WOO,IdeState,Active,MathMain,Editor,D:/HomeWork/2/a2-2/src/MathMain.java,MathMain::main,11,53,Default task
2021-09-09T14:02:14.468+09:00,SEONG MIN WOO,IdeState,Active,MathMain,Editor,D:/HomeWork/2/a2-2/src/MathMain.java,MathMain::main,11,53,Default task
2021-09-09T14:02:15.482+09:00,SEONG MIN WOO,IdeState,Active,MathMain,Editor,D:/HomeWork/2/a2-2/src/MathMain.java,MathMain::main,11,53,Default task
2021-09-09T14:02:16.496+09:00,SEONG MIN WOO,IdeState,Active,MathMain,Editor,D:/HomeWork/2/a2-2/src/MathMain.java,MathMain::main,11,53,Default task
2021-09-09T14:02:17.505+09:00,SEONG MIN WOO,IdeState,Active,MathMain,Editor,D:/HomeWork/2/a2-2/src/MathMain.java,MathMain::main,11,53,Default task
2021-09-09T14:02:18.518+09:00,SEONG MIN WOO,IdeState,Active,MathMain,Editor,D:/HomeWork/2/a2-2/src/MathMain.java,MathMain::main,11,53,Default task
2021-09-09T14:02:19.529+09:00,SEONG MIN WOO,IdeState,Active,MathMain,Editor,D:/HomeWork/2/a2-2/src/MathMain.java,MathMain::main,11,53,Default task
2021-09-09T14:02:20.539+09:00,SEONG MIN WOO,IdeState,Active,MathMain,Editor,D:/HomeWork/2/a2-2/src/MathMain.java,MathMain::main,11,53,Default task
2021-09-09T14:02:21.552+09:00,SEONG MIN WOO,IdeState,Active,MathMain,Editor,D:/HomeWork/2/a2-2/src/MathMain.java,MathMain::main,11,53,Default task
2021-09-09T14:02:22.562+09:00,SEONG MIN WOO,IdeState,Inactive,,,,,-1,-1,
2021-09-09T14:02:23.574+09:00,SEONG MIN WOO,IdeState,Active,MathMain,Editor,D:/HomeWork/2/a2-2/src/MathMain.java,MathMain::getProductBetween,26,30,Default task
2021-09-09T14:02:24.578+09:00,SEONG MIN WOO,IdeState,Active,MathMain,Editor,D:/HomeWork/2/a2-2/src/MathMain.java,MathMain::getProductBetween,26,30,Default task
2021-09-09T14:02:25.643+09:00,SEONG MIN WOO,IdeState,Active,MathMain,Editor,D:/HomeWork/2/a2-2/src/MathMain.java,MathMain::getProductBetween,26,30,Default task
2021-09-09T14:02:26.648+09:00,SEONG MIN WOO,IdeState,Active,MathMain,Editor,D:/HomeWork/2/a2-2/src/MathMain.java,MathMain::getProductBetween,26,30,Default task
2021-09-09T14:02:27.658+09:00,SEONG MIN WOO,IdeState,Active,MathMain,Editor,D:/HomeWork/2/a2-2/src/MathMain.java,MathMain::getProductBetween,26,30,Default task
2021-09-09T14:02:28.668+09:00,SEONG MIN WOO,IdeState,Active,MathMain,Editor,D:/HomeWork/2/a2-2/src/MathMain.java,MathMain::getProductBetween,26,30,Default task
2021-09-09T14:02:29.675+09:00,SEONG MIN WOO,IdeState,Active,MathMain,Editor,D:/HomeWork/2/a2-2/src/MathMain.java,MathMain::getProductBetween,26,30,Default task
2021-09-09T14:02:30.683+09:00,SEONG MIN WOO,IdeState,Active,MathMain,Editor,D:/HomeWork/2/a2-2/src/MathMain.java,MathMain::getProductBetween,26,30,Default task
2021-09-09T14:02:31.696+09:00,SEONG MIN WOO,IdeState,Active,MathMain,Editor,D:/HomeWork/2/a2-2/src/MathMain.java,MathMain::getProductBetween,26,30,Default task
2021-09-09T14:02:32.706+09:00,SEONG MIN WOO,IdeState,Active,MathMain,Editor,D:/HomeWork/2/a2-2/src/MathMain.java,MathMain::getProductBetween,26,30,Default task
2021-09-09T14:02:33.717+09:00,SEONG MIN WOO,IdeState,Active,MathMain,Editor,D:/HomeWork/2/a2-2/src/MathMain.java,MathMain::getProductBetween,26,30,Default task
2021-09-09T14:02:34.732+09:00,SEONG MIN WOO,IdeState,Active,MathMain,Editor,D:/HomeWork/2/a2-2/src/MathMain.java,MathMain::getProductBetween,26,30,Default task
2021-09-09T14:02:35.744+09:00,SEONG MIN WOO,IdeState,Active,MathMain,Editor,D:/HomeWork/2/a2-2/src/MathMain.java,MathMain::getProductBetween,26,30,Default task
2021-09-09T14:02:36.750+09:00,SEONG MIN WOO,IdeState,Active,MathMain,Editor,D:/HomeWork/2/a2-2/src/MathMain.java,MathMain::getProductBetween,26,30,Default task
2021-09-09T14:02:37.764+09:00,SEONG MIN WOO,IdeState,Active,MathMain,Editor,D:/HomeWork/2/a2-2/src/MathMain.java,MathMain::getProductBetween,26,30,Default task
2021-09-09T14:02:38.773+09:00,SEONG MIN WOO,IdeState,Active,MathMain,Editor,D:/HomeWork/2/a2-2/src/MathMain.java,MathMain::getProductBetween,26,30,Default task
2021-09-09T14:02:39.784+09:00,SEONG MIN WOO,IdeState,Active,MathMain,Editor,D:/HomeWork/2/a2-2/src/MathMain.java,MathMain::getProductBetween,26,30,Default task
2021-09-09T14:02:40.797+09:00,SEONG MIN WOO,IdeState,Active,MathMain,Editor,D:/HomeWork/2/a2-2/src/MathMain.java,MathMain::main,4,49,Default task
2021-09-09T14:02:41.447+09:00,SEONG MIN WOO,Action,EditorEnter,MathMain,Editor,D:/HomeWork/2/a2-2/src/MathMain.java,MathMain::main,4,49,Default task
2021-09-09T14:02:41.807+09:00,SEONG MIN WOO,IdeState,Active,MathMain,Editor,D:/HomeWork/2/a2-2/src/MathMain.java,MathMain::main,5,9,Default task
2021-09-09T14:02:42.821+09:00,SEONG MIN WOO,IdeState,Active,MathMain,Editor,D:/HomeWork/2/a2-2/src/MathMain.java,MathMain::main,5,14,Default task
2021-09-09T14:02:43.835+09:00,SEONG MIN WOO,IdeState,Active,MathMain,Editor,D:/HomeWork/2/a2-2/src/MathMain.java,MathMain::main,5,18,Default task
2021-09-09T14:02:44.846+09:00,SEONG MIN WOO,IdeState,Active,MathMain,Editor,D:/HomeWork/2/a2-2/src/MathMain.java,MathMain::main,5,21,Default task
2021-09-09T14:02:45.861+09:00,SEONG MIN WOO,IdeState,Active,MathMain,Editor,D:/HomeWork/2/a2-2/src/MathMain.java,MathMain::main,5,26,Default task
2021-09-09T14:02:45.961+09:00,SEONG MIN WOO,Action,EditorBackSpace,MathMain,Editor,D:/HomeWork/2/a2-2/src/MathMain.java,MathMain::main,5,26,Default task
2021-09-09T14:02:46.067+09:00,SEONG MIN WOO,Action,EditorBackSpace,MathMain,Editor,D:/HomeWork/2/a2-2/src/MathMain.java,MathMain::main,5,25,Default task
2021-09-09T14:02:46.874+09:00,SEONG MIN WOO,IdeState,Active,MathMain,Editor,D:/HomeWork/2/a2-2/src/MathMain.java,MathMain::main,5,26,Default task
2021-09-09T14:02:47.889+09:00,SEONG MIN WOO,IdeState,Active,MathMain,Editor,D:/HomeWork/2/a2-2/src/MathMain.java,MathMain::main,5,26,Default task
2021-09-09T14:02:48.899+09:00,SEONG MIN WOO,IdeState,Active,MathMain,Editor,D:/HomeWork/2/a2-2/src/MathMain.java,MathMain::main,5,26,Default task
2021-09-09T14:02:49.915+09:00,SEONG MIN WOO,IdeState,Active,MathMain,Editor,D:/HomeWork/2/a2-2/src/MathMain.java,MathMain::main,5,26,Default task
2021-09-09T14:02:50.927+09:00,SEONG MIN WOO,IdeState,Active,MathMain,Editor,D:/HomeWork/2/a2-2/src/MathMain.java,MathMain::main,5,28,Default task
2021-09-09T14:02:51.935+09:00,SEONG MIN WOO,IdeState,Active,MathMain,Editor,D:/HomeWork/2/a2-2/src/MathMain.java,MathMain::main,5,31,Default task
2021-09-09T14:02:52.945+09:00,SEONG MIN WOO,IdeState,Active,MathMain,Editor,D:/HomeWork/2/a2-2/src/MathMain.java,MathMain::main,5,37,Default task
2021-09-09T14:02:53.957+09:00,SEONG MIN WOO,IdeState,Active,MathMain,Editor,D:/HomeWork/2/a2-2/src/MathMain.java,MathMain::main,5,41,Default task
2021-09-09T14:02:54.967+09:00,SEONG MIN WOO,IdeState,Active,MathMain,Editor,D:/HomeWork/2/a2-2/src/MathMain.java,MathMain::main,5,44,Default task
2021-09-09T14:02:55.976+09:00,SEONG MIN WOO,IdeState,Active,MathMain,Editor,D:/HomeWork/2/a2-2/src/MathMain.java,MathMain::main,5,48,Default task
2021-09-09T14:02:56.729+09:00,SEONG MIN WOO,Action,EditorBackSpace,MathMain,Editor,D:/HomeWork/2/a2-2/src/MathMain.java,MathMain::main,5,49,Default task
2021-09-09T14:02:56.976+09:00,SEONG MIN WOO,IdeState,Active,MathMain,Editor,D:/HomeWork/2/a2-2/src/MathMain.java,MathMain::main,5,48,Default task
2021-09-09T14:02:57.343+09:00,SEONG MIN WOO,Action,EditorBackSpace,MathMain,Editor,D:/HomeWork/2/a2-2/src/MathMain.java,MathMain::main,5,49,Default task
2021-09-09T14:02:57.987+09:00,SEONG MIN WOO,IdeState,Active,MathMain,Editor,D:/HomeWork/2/a2-2/src/MathMain.java,MathMain::main,5,49,Default task
2021-09-09T14:02:58.156+09:00,SEONG MIN WOO,Action,EditorBackSpace,MathMain,Editor,D:/HomeWork/2/a2-2/src/MathMain.java,MathMain::main,5,49,Default task
2021-09-09T14:02:58.997+09:00,SEONG MIN WOO,IdeState,Active,MathMain,Editor,D:/HomeWork/2/a2-2/src/MathMain.java,MathMain::main,5,50,Default task
2021-09-09T14:02:59.612+09:00,SEONG MIN WOO,Action,EditorRight,MathMain,Editor,D:/HomeWork/2/a2-2/src/MathMain.java,MathMain::main,5,50,Default task
2021-09-09T14:02:59.772+09:00,SEONG MIN WOO,Action,EditorRight,MathMain,Editor,D:/HomeWork/2/a2-2/src/MathMain.java,MathMain::main,5,51,Default task
2021-09-09T14:03:00.004+09:00,SEONG MIN WOO,IdeState,Active,MathMain,Editor,D:/HomeWork/2/a2-2/src/MathMain.java,MathMain::main,5,52,Default task
2021-09-09T14:03:01.015+09:00,SEONG MIN WOO,IdeState,Active,MathMain,Editor,D:/HomeWork/2/a2-2/src/MathMain.java,MathMain::main,5,54,Default task
2021-09-09T14:03:02.028+09:00,SEONG MIN WOO,IdeState,Active,MathMain,Editor,D:/HomeWork/2/a2-2/src/MathMain.java,MathMain::main,5,54,Default task
2021-09-09T14:03:02.152+09:00,SEONG MIN WOO,Action,EditorBackSpace,MathMain,Editor,D:/HomeWork/2/a2-2/src/MathMain.java,MathMain::main,5,54,Default task
2021-09-09T14:03:03.042+09:00,SEONG MIN WOO,IdeState,Active,MathMain,Editor,D:/HomeWork/2/a2-2/src/MathMain.java,MathMain::main,5,22,Default task
2021-09-09T14:03:03.942+09:00,SEONG MIN WOO,Action,EditorCopy,MathMain,Editor,D:/HomeWork/2/a2-2/src/MathMain.java,MathMain::main,5,7,Default task
2021-09-09T14:03:04.050+09:00,SEONG MIN WOO,IdeState,Active,MathMain,Editor,D:/HomeWork/2/a2-2/src/MathMain.java,MathMain::main,5,7,Default task
2021-09-09T14:03:05.061+09:00,SEONG MIN WOO,IdeState,Active,MathMain,Editor,D:/HomeWork/2/a2-2/src/MathMain.java,MathMain::main,6,34,Default task
2021-09-09T14:03:05.069+09:00,SEONG MIN WOO,Action,EditorEnter,MathMain,Editor,D:/HomeWork/2/a2-2/src/MathMain.java,MathMain::main,6,34,Default task
2021-09-09T14:03:05.393+09:00,SEONG MIN WOO,Action,EditorPaste,MathMain,Editor,D:/HomeWork/2/a2-2/src/MathMain.java,MathMain::main,7,8,Default task
2021-09-09T14:03:06.075+09:00,SEONG MIN WOO,IdeState,Active,MathMain,Editor,D:/HomeWork/2/a2-2/src/MathMain.java,MathMain::main,7,53,Default task
2021-09-09T14:03:07.089+09:00,SEONG MIN WOO,IdeState,Active,MathMain,Editor,D:/HomeWork/2/a2-2/src/MathMain.java,MathMain::main,7,41,Default task
2021-09-09T14:03:07.533+09:00,SEONG MIN WOO,Action,EditorBackSpace,MathMain,Editor,D:/HomeWork/2/a2-2/src/MathMain.java,MathMain::main,7,41,Default task
2021-09-09T14:03:07.701+09:00,SEONG MIN WOO,Action,EditorBackSpace,MathMain,Editor,D:/HomeWork/2/a2-2/src/MathMain.java,MathMain::main,7,40,Default task
2021-09-09T14:03:07.875+09:00,SEONG MIN WOO,Action,EditorBackSpace,MathMain,Editor,D:/HomeWork/2/a2-2/src/MathMain.java,MathMain::main,7,39,Default task
2021-09-09T14:03:08.085+09:00,SEONG MIN WOO,Action,EditorBackSpace,MathMain,Editor,D:/HomeWork/2/a2-2/src/MathMain.java,MathMain::main,7,38,Default task
2021-09-09T14:03:08.101+09:00,SEONG MIN WOO,IdeState,Active,MathMain,Editor,D:/HomeWork/2/a2-2/src/MathMain.java,MathMain::main,7,37,Default task
2021-09-09T14:03:08.246+09:00,SEONG MIN WOO,Action,EditorBackSpace,MathMain,Editor,D:/HomeWork/2/a2-2/src/MathMain.java,MathMain::main,7,37,Default task
2021-09-09T14:03:08.376+09:00,SEONG MIN WOO,Action,EditorBackSpace,MathMain,Editor,D:/HomeWork/2/a2-2/src/MathMain.java,MathMain::main,7,36,Default task
2021-09-09T14:03:09.110+09:00,SEONG MIN WOO,IdeState,Active,MathMain,Editor,D:/HomeWork/2/a2-2/src/MathMain.java,MathMain::main,7,38,Default task
2021-09-09T14:03:10.125+09:00,SEONG MIN WOO,IdeState,Active,MathMain,Editor,D:/HomeWork/2/a2-2/src/MathMain.java,MathMain::main,7,40,Default task
2021-09-09T14:03:11.133+09:00,SEONG MIN WOO,IdeState,Active,MathMain,Editor,D:/HomeWork/2/a2-2/src/MathMain.java,MathMain::main,7,40,Default task
2021-09-09T14:03:11.158+09:00,SEONG MIN WOO,Action,SaveAll,MathMain,Editor,D:/HomeWork/2/a2-2/src/MathMain.java,MathMain::main,7,40,Default task
2021-09-09T14:03:12.142+09:00,SEONG MIN WOO,IdeState,Active,MathMain,Editor,D:/HomeWork/2/a2-2/src/MathMain.java,MathMain::main,7,40,Default task
2021-09-09T14:03:13.152+09:00,SEONG MIN WOO,IdeState,Active,MathMain,Popup,D:/HomeWork/2/a2-2/src/MathMain.java,MathMain::main,7,40,Default task
2021-09-09T14:03:13.597+09:00,SEONG MIN WOO,Action,CompileDirty,MathMain,Editor,D:/HomeWork/2/a2-2/src/MathMain.java,MathMain::main,7,40,Default task
2021-09-09T14:03:14.165+09:00,SEONG MIN WOO,IdeState,Active,MathMain,Editor,D:/HomeWork/2/a2-2/src/MathMain.java,MathMain::main,7,40,Default task
2021-09-09T14:03:15.170+09:00,SEONG MIN WOO,IdeState,Active,MathMain,Editor,D:/HomeWork/2/a2-2/src/MathMain.java,MathMain::main,7,40,Default task
2021-09-09T14:03:16.176+09:00,SEONG MIN WOO,IdeState,Active,MathMain,Popup,D:/HomeWork/2/a2-2/src/MathMain.java,MathMain::main,7,40,Default task
2021-09-09T14:03:16.692+09:00,SEONG MIN WOO,Action,Run,MathMain,Editor,D:/HomeWork/2/a2-2/src/MathMain.java,MathMain::main,7,40,Default task
2021-09-09T14:03:17.190+09:00,SEONG MIN WOO,IdeState,Active,MathMain,Editor,D:/HomeWork/2/a2-2/src/MathMain.java,MathMain::main,7,40,Default task
2021-09-09T14:03:18.206+09:00,SEONG MIN WOO,IdeState,Active,MathMain,Editor,D:/HomeWork/2/a2-2/src/MathMain.java,MathMain::main,7,40,Default task
2021-09-09T14:03:19.214+09:00,SEONG MIN WOO,IdeState,Active,MathMain,Editor,D:/HomeWork/2/a2-2/src/MathMain.java,MathMain::main,7,40,Default task
2021-09-09T14:03:20.218+09:00,SEONG MIN WOO,IdeState,Active,MathMain,Editor,D:/HomeWork/2/a2-2/src/MathMain.java,MathMain::main,7,40,Default task
2021-09-09T14:03:21.231+09:00,SEONG MIN WOO,IdeState,Active,MathMain,Editor,D:/HomeWork/2/a2-2/src/MathMain.java,MathMain::main,7,40,Default task
2021-09-09T14:03:22.235+09:00,SEONG MIN WOO,IdeState,Active,MathMain,Editor,D:/HomeWork/2/a2-2/src/MathMain.java,MathMain::main,7,40,Default task
2021-09-09T14:03:23.246+09:00,SEONG MIN WOO,IdeState,Active,MathMain,Editor,D:/HomeWork/2/a2-2/src/MathMain.java,MathMain::main,7,40,Default task
2021-09-09T14:03:24.256+09:00,SEONG MIN WOO,IdeState,Active,MathMain,Editor,D:/HomeWork/2/a2-2/src/MathMain.java,MathMain::main,5,25,Default task
2021-09-09T14:03:24.293+09:00,SEONG MIN WOO,Action,EditorRight,MathMain,Editor,D:/HomeWork/2/a2-2/src/MathMain.java,MathMain::main,5,25,Default task
2021-09-09T14:03:24.542+09:00,SEONG MIN WOO,Action,EditorBackSpace,MathMain,Editor,D:/HomeWork/2/a2-2/src/MathMain.java,MathMain::main,5,26,Default task
2021-09-09T14:03:24.669+09:00,SEONG MIN WOO,Action,EditorBackSpace,MathMain,Editor,D:/HomeWork/2/a2-2/src/MathMain.java,MathMain::main,5,25,Default task
2021-09-09T14:03:25.268+09:00,SEONG MIN WOO,IdeState,Active,MathMain,Editor,D:/HomeWork/2/a2-2/src/MathMain.java,MathMain::main,5,24,Default task
2021-09-09T14:03:25.762+09:00,SEONG MIN WOO,Action,EditorBackSpace,MathMain,Editor,D:/HomeWork/2/a2-2/src/MathMain.java,MathMain::main,7,26,Default task
2021-09-09T14:03:25.889+09:00,SEONG MIN WOO,Action,EditorBackSpace,MathMain,Editor,D:/HomeWork/2/a2-2/src/MathMain.java,MathMain::main,7,25,Default task
2021-09-09T14:03:26.277+09:00,SEONG MIN WOO,IdeState,Active,MathMain,Editor,D:/HomeWork/2/a2-2/src/MathMain.java,MathMain::main,7,24,Default task
2021-09-09T14:03:26.776+09:00,SEONG MIN WOO,Action,SaveAll,MathMain,Editor,D:/HomeWork/2/a2-2/src/MathMain.java,MathMain::main,7,24,Default task
2021-09-09T14:03:27.291+09:00,SEONG MIN WOO,IdeState,Active,MathMain,Editor,D:/HomeWork/2/a2-2/src/MathMain.java,MathMain::main,7,24,Default task
2021-09-09T14:03:28.303+09:00,SEONG MIN WOO,IdeState,Active,MathMain,Popup,D:/HomeWork/2/a2-2/src/MathMain.java,MathMain::main,7,24,Default task
2021-09-09T14:03:28.553+09:00,SEONG MIN WOO,Action,CompileDirty,MathMain,Editor,D:/HomeWork/2/a2-2/src/MathMain.java,MathMain::main,7,24,Default task
2021-09-09T14:03:29.316+09:00,SEONG MIN WOO,IdeState,Active,MathMain,Editor,D:/HomeWork/2/a2-2/src/MathMain.java,MathMain::main,7,24,Default task
2021-09-09T14:03:30.321+09:00,SEONG MIN WOO,IdeState,Active,MathMain,Editor,D:/HomeWork/2/a2-2/src/MathMain.java,MathMain::main,7,24,Default task
2021-09-09T14:03:31.331+09:00,SEONG MIN WOO,IdeState,Active,MathMain,Popup,D:/HomeWork/2/a2-2/src/MathMain.java,MathMain::main,7,24,Default task
2021-09-09T14:03:31.925+09:00,SEONG MIN WOO,Action,Run,MathMain,Editor,D:/HomeWork/2/a2-2/src/MathMain.java,MathMain::main,7,24,Default task
2021-09-09T14:03:32.343+09:00,SEONG MIN WOO,IdeState,Active,MathMain,Editor,D:/HomeWork/2/a2-2/src/MathMain.java,MathMain::main,7,24,Default task
2021-09-09T14:03:33.345+09:00,SEONG MIN WOO,IdeState,Active,MathMain,Editor,D:/HomeWork/2/a2-2/src/MathMain.java,MathMain::main,7,24,Default task
2021-09-09T14:03:34.355+09:00,SEONG MIN WOO,IdeState,Active,MathMain,Editor,D:/HomeWork/2/a2-2/src/MathMain.java,MathMain::main,7,24,Default task
2021-09-09T14:03:35.365+09:00,SEONG MIN WOO,IdeState,Active,MathMain,Editor,D:/HomeWork/2/a2-2/src/MathMain.java,MathMain::main,7,24,Default task
2021-09-09T14:03:36.375+09:00,SEONG MIN WOO,IdeState,Active,MathMain,Editor,D:/HomeWork/2/a2-2/src/MathMain.java,MathMain::main,7,24,Default task
2021-09-09T14:03:37.389+09:00,SEONG MIN WOO,IdeState,Active,MathMain,Editor,D:/HomeWork/2/a2-2/src/MathMain.java,MathMain::main,7,24,Default task
2021-09-09T14:03:38.398+09:00,SEONG MIN WOO,IdeState,Active,MathMain,Editor,D:/HomeWork/2/a2-2/src/MathMain.java,MathMain::main,7,24,Default task
2021-09-09T14:03:39.407+09:00,SEONG MIN WOO,IdeState,Active,MathMain,Editor,D:/HomeWork/2/a2-2/src/MathMain.java,MathMain::main,7,24,Default task
2021-09-09T14:03:40.419+09:00,SEONG MIN WOO,IdeState,Active,MathMain,Editor,D:/HomeWork/2/a2-2/src/MathMain.java,MathMain::main,7,24,Default task
2021-09-09T14:03:41.429+09:00,SEONG MIN WOO,IdeState,Active,MathMain,Editor,D:/HomeWork/2/a2-2/src/MathMain.java,MathMain::main,7,24,Default task
2021-09-09T14:03:42.438+09:00,SEONG MIN WOO,IdeState,Active,MathMain,Editor,D:/HomeWork/2/a2-2/src/MathMain.java,MathMain::main,7,24,Default task
2021-09-09T14:03:43.449+09:00,SEONG MIN WOO,IdeState,Active,MathMain,Editor,D:/HomeWork/2/a2-2/src/MathMain.java,MathMain::main,7,24,Default task
2021-09-09T14:03:44.461+09:00,SEONG MIN WOO,IdeState,Active,MathMain,Editor,D:/HomeWork/2/a2-2/src/MathMain.java,MathMain::main,7,24,Default task
2021-09-09T14:03:45.471+09:00,SEONG MIN WOO,IdeState,Active,MathMain,Editor,D:/HomeWork/2/a2-2/src/MathMain.java,MathMain::main,7,24,Default task
2021-09-09T14:03:46.481+09:00,SEONG MIN WOO,IdeState,Active,MathMain,Editor,D:/HomeWork/2/a2-2/src/MathMain.java,MathMain::main,7,24,Default task
2021-09-09T14:03:47.492+09:00,SEONG MIN WOO,IdeState,Active,MathMain,Editor,D:/HomeWork/2/a2-2/src/MathMain.java,MathMain::main,7,24,Default task
2021-09-09T14:03:48.497+09:00,SEONG MIN WOO,IdeState,Active,MathMain,Editor,D:/HomeWork/2/a2-2/src/MathMain.java,MathMain::main,7,24,Default task
2021-09-09T14:03:49.510+09:00,SEONG MIN WOO,IdeState,Active,MathMain,Editor,D:/HomeWork/2/a2-2/src/MathMain.java,MathMain::main,7,24,Default task
2021-09-09T14:03:50.524+09:00,SEONG MIN WOO,IdeState,Active,MathMain,Editor,D:/HomeWork/2/a2-2/src/MathMain.java,MathMain::main,7,24,Default task
2021-09-09T14:03:51.539+09:00,SEONG MIN WOO,IdeState,Active,MathMain,Editor,D:/HomeWork/2/a2-2/src/MathMain.java,MathMain::main,7,24,Default task
2021-09-09T14:03:52.551+09:00,SEONG MIN WOO,IdeState,Active,MathMain,Popup,D:/HomeWork/2/a2-2/src/MathMain.java,MathMain::main,7,24,Default task
2021-09-09T14:03:53.556+09:00,SEONG MIN WOO,IdeState,Active,MathMain,Popup,D:/HomeWork/2/a2-2/src/MathMain.java,MathMain::main,7,24,Default task
2021-09-09T14:03:53.674+09:00,SEONG MIN WOO,Action,Start/Stop Activity Tracking,,,,,-1,-1,
